cohort,rank,participant
Petrus,1,D72
Petrus,2,D37
Petrus,3,D60
Petrus,4,D15
Petrus,5,D56
Petrus,6,D22
Petrus,7,D49
Petrus,8,D50
Petrus,9,D44
Petrus,10,D10
Petrus,11,D7
Petrus,12,D69
Petrus,13,D75
Petrus,14,D30
Petrus,15,D27
Kerr,1,4659
Kerr,2,4595
Kerr,3,4649
Kerr,4,4642
Kerr,5,4982
Kerr,6,4914
Kerr,7,4981
Kerr,8,4930
Kerr,9,4634
Kerr,10,4898
Kerr,11,4975
Kerr,12,4971
Kerr,13,4625
Kerr,14,4810
Kerr,15,4887
Kerr,16,4990
Kerr,17,4962
Kerr,18,4648
Kerr,19,4666
Kerr,20,4964
Kerr,21,4946
Kerr,22,4908
Kerr,23,4988
Kerr,24,4958
Kerr,25,4985
Kerr,26,4944
Kerr,27,4980
Kerr,28,4967
Kerr,29,4885
Kerr,30,4934
Kerr,31,4986
Kerr,32,4589
Kerr,33,4615
Kerr,34,4919
Kerr,35,4598
Kerr,36,4973
Kerr,37,4974
