gene,sample,condition,tpm,source_sheet,source_cell,source_gene_cell,source_sample_cell
Ndufc1,F1,YT-FF,80.276102257472758,Fig. 2b,B3,A3,B2
Ndufc1,F2,YT-FF,71.573279519798348,Fig. 2b,C3,A3,C2
Ndufc1,F3,YT-FF,115.12172939868883,Fig. 2b,D3,A3,D2
Ndufc1,A1,YT-AKO,202.57413237918854,Fig. 2b,E3,A3,E2
Ndufc1,A2,YT-AKO,344.15142572645578,Fig. 2b,F3,A3,F2
Ndufc1,A3,YT-AKO,209.94219795308214,Fig. 2b,G3,A3,G2
Ndufa5,F1,YT-FF,34.806206855400191,Fig. 2b,B4,A4,B2
Ndufa5,F2,YT-FF,32.421499785877373,Fig. 2b,C4,A4,C2
Ndufa5,F3,YT-FF,39.982680124076083,Fig. 2b,D4,A4,D2
Ndufa5,A1,YT-AKO,68.784747624973747,Fig. 2b,E4,A4,E2
Ndufa5,A2,YT-AKO,113.81201221462931,Fig. 2b,F4,A4,F2
Ndufa5,A3,YT-AKO,80.554344685887898,Fig. 2b,G4,A4,G2
Ndufa2,F1,YT-FF,199.53336511363543,Fig. 2b,B5,A5,B2
Ndufa2,F2,YT-FF,137.10766007189056,Fig. 2b,C5,A5,C2
Ndufa2,F3,YT-FF,262.94207490343211,Fig. 2b,D5,A5,D2
Ndufa2,A1,YT-AKO,446.14795444138934,Fig. 2b,E5,A5,E2
Ndufa2,A2,YT-AKO,1180.1959353972409,Fig. 2b,F5,A5,F2
Ndufa2,A3,YT-AKO,437.51680608126298,Fig. 2b,G5,A5,G2
Ndufa3,F1,YT-FF,113.27422932341929,Fig. 2b,B6,A6,B2
Ndufa3,F2,YT-FF,105.0441590966246,Fig. 2b,C6,A6,C2
Ndufa3,F3,YT-FF,141.406667315747,Fig. 2b,D6,A6,D2
Ndufa3,A1,YT-AKO,229.92781731835606,Fig. 2b,E6,A6,E2
Ndufa3,A2,YT-AKO,411.07139707890258,Fig. 2b,F6,A6,F2
Ndufa3,A3,YT-AKO,249.38638889579892,Fig. 2b,G6,A6,G2
Ndufa1,F1,YT-FF,67.095691456609543,Fig. 2b,B7,A7,B2
Ndufa1,F2,YT-FF,52.754513564666411,Fig. 2b,C7,A7,C2
Ndufa1,F3,YT-FF,90.105678764405539,Fig. 2b,D7,A7,D2
Ndufa1,A1,YT-AKO,187.3607153996241,Fig. 2b,E7,A7,E2
Ndufa1,A2,YT-AKO,251.15271020319773,Fig. 2b,F7,A7,F2
Ndufa1,A3,YT-AKO,193.16383396522448,Fig. 2b,G7,A7,G2
Ndufa8,F1,YT-FF,31.255969014346341,Fig. 2b,B8,A8,B2
Ndufa8,F2,YT-FF,25.903176572982829,Fig. 2b,C8,A8,C2
Ndufa8,F3,YT-FF,36.402366512280516,Fig. 2b,D8,A8,D2
Ndufa8,A1,YT-AKO,61.021998014928343,Fig. 2b,E8,A8,E2
Ndufa8,A2,YT-AKO,96.009345375277249,Fig. 2b,F8,A8,F2
Ndufa8,A3,YT-AKO,68.425779113825243,Fig. 2b,G8,A8,G2
Ucp1,F1,YT-FF,6.2696435068013479,Fig. 2b,B9,A9,B2
Ucp1,F2,YT-FF,3.4312714800669966,Fig. 2b,C9,A9,C2
Ucp1,F3,YT-FF,8.3105613775164393,Fig. 2b,D9,A9,D2
Ucp1,A1,YT-AKO,93.04391433170025,Fig. 2b,E9,A9,E2
Ucp1,A2,YT-AKO,152.39644273821622,Fig. 2b,F9,A9,F2
Ucp1,A3,YT-AKO,158.50604548677171,Fig. 2b,G9,A9,G2
Uqcr10,F1,YT-FF,246.20669624471401,Fig. 2b,B10,A10,B2
Uqcr10,F2,YT-FF,281.03975664984728,Fig. 2b,C10,A10,C2
Uqcr10,F3,YT-FF,318.32890045930776,Fig. 2b,D10,A10,D2
Uqcr10,A1,YT-AKO,590.83072273855021,Fig. 2b,E10,A10,E2
Uqcr10,A2,YT-AKO,993.65849502714957,Fig. 2b,F10,A10,F2
Uqcr10,A3,YT-AKO,603.89038905442192,Fig. 2b,G10,A10,G2
Uqcr11,F1,YT-FF,96.668077911260838,Fig. 2b,B11,A11,B2
Uqcr11,F2,YT-FF,66.789882333701613,Fig. 2b,C11,A11,C2
Uqcr11,F3,YT-FF,143.12069617287128,Fig. 2b,D11,A11,D2
Uqcr11,A1,YT-AKO,327.20975879993875,Fig. 2b,E11,A11,E2
Uqcr11,A2,YT-AKO,636.98316404216246,Fig. 2b,F11,A11,F2
Uqcr11,A3,YT-AKO,370.97178815929152,Fig. 2b,G11,A11,G2
Ndufs5,F1,YT-FF,49.829517549560293,Fig. 2b,B12,A12,B2
Ndufs5,F2,YT-FF,41.508746837963663,Fig. 2b,C12,A12,C2
Ndufs5,F3,YT-FF,98.20632562711026,Fig. 2b,D12,A12,D2
Ndufs5,A1,YT-AKO,150.59962857467235,Fig. 2b,E12,A12,E2
Ndufs5,A2,YT-AKO,241.38821042456505,Fig. 2b,F12,A12,F2
Ndufs5,A3,YT-AKO,98.484835219104625,Fig. 2b,G12,A12,G2
Ndufs6,F1,YT-FF,16.761084826417314,Fig. 2b,B13,A13,B2
Ndufs6,F2,YT-FF,10.29505223669711,Fig. 2b,C13,A13,C2
Ndufs6,F3,YT-FF,29.051817603006356,Fig. 2b,D13,A13,D2
Ndufs6,A1,YT-AKO,64.739773833472782,Fig. 2b,E13,A13,E2
Ndufs6,A2,YT-AKO,134.70874861259247,Fig. 2b,F13,A13,F2
Ndufs6,A3,YT-AKO,59.05091714118997,Fig. 2b,G13,A13,G2
Cox6b1,F1,YT-FF,143.38765964122541,Fig. 2b,B14,A14,B2
Cox6b1,F2,YT-FF,141.04566556608344,Fig. 2b,C14,A14,C2
Cox6b1,F3,YT-FF,171.99881574722792,Fig. 2b,D14,A14,D2
Cox6b1,A1,YT-AKO,305.31671463929604,Fig. 2b,E14,A14,E2
Cox6b1,A2,YT-AKO,441.35510053410854,Fig. 2b,F14,A14,F2
Cox6b1,A3,YT-AKO,305.08116346740439,Fig. 2b,G14,A14,G2
Ndufb9,F1,YT-FF,117.56119150206351,Fig. 2b,B15,A15,B2
Ndufb9,F2,YT-FF,124.67198570674834,Fig. 2b,C15,A15,C2
Ndufb9,F3,YT-FF,133.48090349292076,Fig. 2b,D15,A15,D2
Ndufb9,A1,YT-AKO,242.06901035075791,Fig. 2b,E15,A15,E2
Ndufb9,A2,YT-AKO,400.6330421754144,Fig. 2b,F15,A15,F2
Ndufb9,A3,YT-AKO,254.97935055096141,Fig. 2b,G15,A15,G2
Ndufb7,F1,YT-FF,85.58003956200811,Fig. 2b,B16,A16,B2
Ndufb7,F2,YT-FF,89.934832607884474,Fig. 2b,C16,A16,C2
Ndufb7,F3,YT-FF,95.294083951564517,Fig. 2b,D16,A16,D2
Ndufb7,A1,YT-AKO,145.06715343166164,Fig. 2b,E16,A16,E2
Ndufb7,A2,YT-AKO,315.64654474462367,Fig. 2b,F16,A16,F2
Ndufb7,A3,YT-AKO,138.11846163685925,Fig. 2b,G16,A16,G2
Ndufb6,F1,YT-FF,27.479695188825069,Fig. 2b,B17,A17,B2
Ndufb6,F2,YT-FF,23.496586636170623,Fig. 2b,C17,A17,C2
Ndufb6,F3,YT-FF,37.782639050147232,Fig. 2b,D17,A17,D2
Ndufb6,A1,YT-AKO,77.754539810965596,Fig. 2b,E17,A17,E2
Ndufb6,A2,YT-AKO,93.808250669057728,Fig. 2b,F17,A17,F2
Ndufb6,A3,YT-AKO,77.948524401925468,Fig. 2b,G17,A17,G2
Uqcrq,F1,YT-FF,375.20701437364977,Fig. 2b,B18,A18,B2
Uqcrq,F2,YT-FF,334.6944336295382,Fig. 2b,C18,A18,C2
Uqcrq,F3,YT-FF,501.3290206629718,Fig. 2b,D18,A18,D2
Uqcrq,A1,YT-AKO,1292.6361129545469,Fig. 2b,E18,A18,E2
Uqcrq,A2,YT-AKO,2365.8664832989352,Fig. 2b,F18,A18,F2
Uqcrq,A3,YT-AKO,1374.9104989846296,Fig. 2b,G18,A18,G2
Cox8b,F1,YT-FF,144.27123305909953,Fig. 2b,B19,A19,B2
Cox8b,F2,YT-FF,146.36869490492316,Fig. 2b,C19,A19,C2
Cox8b,F3,YT-FF,191.83302589893142,Fig. 2b,D19,A19,D2
Cox8b,A1,YT-AKO,1266.0211466462622,Fig. 2b,E19,A19,E2
Cox8b,A2,YT-AKO,3180.2290122931558,Fig. 2b,F19,A19,F2
Cox8b,A3,YT-AKO,1648.6605284316756,Fig. 2b,G19,A19,G2
Uqcrh,F1,YT-FF,154.15787737404165,Fig. 2b,B20,A20,B2
Uqcrh,F2,YT-FF,143.15864708459401,Fig. 2b,C20,A20,C2
Uqcrh,F3,YT-FF,153.85255190222483,Fig. 2b,D20,A20,D2
Uqcrh,A1,YT-AKO,267.83234542837846,Fig. 2b,E20,A20,E2
Uqcrh,A2,YT-AKO,472.12882588232685,Fig. 2b,F20,A20,F2
Uqcrh,A3,YT-AKO,270.08059390477592,Fig. 2b,G20,A20,G2
Ndufv3,F1,YT-FF,57.221710785981969,Fig. 2b,B21,A21,B2
Ndufv3,F2,YT-FF,44.781269364188987,Fig. 2b,C21,A21,C2
Ndufv3,F3,YT-FF,66.840096433318223,Fig. 2b,D21,A21,D2
Ndufv3,A1,YT-AKO,105.29675831482805,Fig. 2b,E21,A21,E2
Ndufv3,A2,YT-AKO,170.24999716408587,Fig. 2b,F21,A21,F2
Ndufv3,A3,YT-AKO,133.52981023278917,Fig. 2b,G21,A21,G2
Cox5b,F1,YT-FF,343.15373006194807,Fig. 2b,B22,A22,B2
Cox5b,F2,YT-FF,267.13808703000933,Fig. 2b,C22,A22,C2
Cox5b,F3,YT-FF,402.40152939345626,Fig. 2b,D22,A22,D2
Cox5b,A1,YT-AKO,820.24097692225894,Fig. 2b,E22,A22,E2
Cox5b,A2,YT-AKO,1179.0001710793515,Fig. 2b,F22,A22,F2
Cox5b,A3,YT-AKO,910.80893355963588,Fig. 2b,G22,A22,G2
Atp5j2,F1,YT-FF,129.64309844016012,Fig. 2b,B23,A23,B2
Atp5j2,F2,YT-FF,113.12435046791416,Fig. 2b,C23,A23,C2
Atp5j2,F3,YT-FF,129.79476289659704,Fig. 2b,D23,A23,D2
Atp5j2,A1,YT-AKO,240.73558501569971,Fig. 2b,E23,A23,E2
Atp5j2,A2,YT-AKO,489.34543532175439,Fig. 2b,F23,A23,F2
Atp5j2,A3,YT-AKO,241.31447650143866,Fig. 2b,G23,A23,G2
Ndufb10,F1,YT-FF,388.40879593100334,Fig. 2b,B24,A24,B2
Ndufb10,F2,YT-FF,351.79366995451358,Fig. 2b,C24,A24,C2
Ndufb10,F3,YT-FF,461.37649321501328,Fig. 2b,D24,A24,D2
Ndufb10,A1,YT-AKO,712.21847774516061,Fig. 2b,E24,A24,E2
Ndufb10,A2,YT-AKO,1312.3025434497886,Fig. 2b,F24,A24,F2
Ndufb10,A3,YT-AKO,817.34975855108667,Fig. 2b,G24,A24,G2
Atp5k,F1,YT-FF,127.61518382847187,Fig. 2b,B25,A25,B2
Atp5k,F2,YT-FF,90.364758081000389,Fig. 2b,C25,A25,C2
Atp5k,F3,YT-FF,172.90130226248084,Fig. 2b,D25,A25,D2
Atp5k,A1,YT-AKO,382.91648209969986,Fig. 2b,E25,A25,E2
Atp5k,A2,YT-AKO,723.89178023298734,Fig. 2b,F25,A25,F2
Atp5k,A3,YT-AKO,401.32786721807287,Fig. 2b,G25,A25,G2
Cox4i1,F1,YT-FF,715.19584912099208,Fig. 2b,B26,A26,B2
Cox4i1,F2,YT-FF,734.92138950677918,Fig. 2b,C26,A26,C2
Cox4i1,F3,YT-FF,844.71856768934674,Fig. 2b,D26,A26,D2
Cox4i1,A1,YT-AKO,1502.7538782864567,Fig. 2b,E26,A26,E2
Cox4i1,A2,YT-AKO,2456.9113806158521,Fig. 2b,F26,A26,F2
Cox4i1,A3,YT-AKO,1598.010918022934,Fig. 2b,G26,A26,G2
Ndufa12,F1,YT-FF,15.23060925199678,Fig. 2b,B27,A27,B2
Ndufa12,F2,YT-FF,16.018010512848353,Fig. 2b,C27,A27,C2
Ndufa12,F3,YT-FF,16.786482717214145,Fig. 2b,D27,A27,D2
Ndufa12,A1,YT-AKO,32.838659185149247,Fig. 2b,E27,A27,E2
Ndufa12,A2,YT-AKO,43.987982962625388,Fig. 2b,F27,A27,F2
Ndufa12,A3,YT-AKO,32.746707804201591,Fig. 2b,G27,A27,G2
Ndufa13,F1,YT-FF,41.668757241385691,Fig. 2b,B28,A28,B2
Ndufa13,F2,YT-FF,37.992295051350546,Fig. 2b,C28,A28,C2
Ndufa13,F3,YT-FF,50.143877327803644,Fig. 2b,D28,A28,D2
Ndufa13,A1,YT-AKO,96.688700558818013,Fig. 2b,E28,A28,E2
Ndufa13,A2,YT-AKO,186.91483430176817,Fig. 2b,F28,A28,F2
Ndufa13,A3,YT-AKO,104.51506617324202,Fig. 2b,G28,A28,G2
Cox7a1,F1,YT-FF,24.230112186337024,Fig. 2b,B29,A29,B2
Cox7a1,F2,YT-FF,11.233871007115894,Fig. 2b,C29,A29,C2
Cox7a1,F3,YT-FF,36.085104507815771,Fig. 2b,D29,A29,D2
Cox7a1,A1,YT-AKO,147.1819535377582,Fig. 2b,E29,A29,E2
Cox7a1,A2,YT-AKO,279.98348533711061,Fig. 2b,F29,A29,F2
Cox7a1,A3,YT-AKO,185.41146954499075,Fig. 2b,G29,A29,G2
Cox6a1,F1,YT-FF,694.8674945107332,Fig. 2b,B30,A30,B2
Cox6a1,F2,YT-FF,701.17302922017939,Fig. 2b,C30,A30,C2
Cox6a1,F3,YT-FF,860.25507228077242,Fig. 2b,D30,A30,D2
Cox6a1,A1,YT-AKO,1839.7999207299972,Fig. 2b,E30,A30,E2
Cox6a1,A2,YT-AKO,2459.6175239818272,Fig. 2b,F30,A30,F2
Cox6a1,A3,YT-AKO,1809.6066077294756,Fig. 2b,G30,A30,G2
Atp5o,F1,YT-FF,0,Fig. 2b,B31,A31,B2
Atp5o,F2,YT-FF,0,Fig. 2b,C31,A31,C2
Atp5o,F3,YT-FF,0,Fig. 2b,D31,A31,D2
Atp5o,A1,YT-AKO,0,Fig. 2b,E31,A31,E2
Atp5o,A2,YT-AKO,0,Fig. 2b,F31,A31,F2
Atp5o,A3,YT-AKO,0,Fig. 2b,G31,A31,G2
