source_sheet,source_row,source_label,condition,condition_id,unit,replicate_ordinal,value,state,units,source_cell,_easyviz_source_value_text,_easyviz_source_row
Fig. 1b,2,-,No donor/Cas9,condition_1,condition_1_replicate_1,1,1.09090909090909,uninterpretable,ratio,K2,1.0909090909090899,1
Fig. 1b,2,-,No donor/Cas9,condition_1,condition_1_replicate_2,2,1.08695652173913,uninterpretable,ratio,L2,1.0869565217391299,2
Fig. 1b,2,-,No donor/Cas9,condition_1,condition_1_replicate_3,3,0.5769230769230769,uninterpretable,ratio,M2,0.57692307692307698,3
Fig. 1b,3,-,NTC,condition_2,condition_2_replicate_1,1,1.93333333333333,uninterpretable,ratio,K3,1.93333333333333,4
Fig. 1b,3,-,NTC,condition_2,condition_2_replicate_2,2,1.75,uninterpretable,ratio,L3,1.75,5
Fig. 1b,3,-,NTC,condition_2,condition_2_replicate_3,3,1.86666666666667,uninterpretable,ratio,M3,1.86666666666667,6
Fig. 1b,4,DMSO,DMSO,condition_3,condition_3_replicate_1,1,0.153878983308042,interpretable,ratio,K4,0.15387898330804201,7
Fig. 1b,4,DMSO,DMSO,condition_3,condition_3_replicate_2,2,0.15000649378761,interpretable,ratio,L4,0.15000649378761,8
Fig. 1b,4,DMSO,DMSO,condition_3,condition_3_replicate_3,3,0.1498429441191299,interpretable,ratio,M4,0.14984294411912999,9
Fig. 1b,5,NU-7441 1 µM,NU-7441 (1 µM),condition_4,condition_4_replicate_1,1,0.5912,interpretable,ratio,K5,0.59119999999999995,10
Fig. 1b,5,NU-7441 1 µM,NU-7441 (1 µM),condition_4,condition_4_replicate_2,2,0.6025173611111109,interpretable,ratio,L5,0.60251736111111098,11
Fig. 1b,5,NU-7441 1 µM,NU-7441 (1 µM),condition_4,condition_4_replicate_3,3,0.607464839523981,interpretable,ratio,M5,0.607464839523981,12
Fig. 1b,6,KU-0060548 0.25 µM,KU-0060548 (0.25 µM),condition_5,condition_5_replicate_1,1,1.2564209647108,interpretable,ratio,K6,1.2564209647108,13
Fig. 1b,6,KU-0060548 0.25 µM,KU-0060548 (0.25 µM),condition_5,condition_5_replicate_2,2,1.27438899157938,interpretable,ratio,L6,1.27438899157938,14
Fig. 1b,6,KU-0060548 0.25 µM,KU-0060548 (0.25 µM),condition_5,condition_5_replicate_3,3,1.25962528309656,interpretable,ratio,M6,1.25962528309656,15
Fig. 1b,7,L755507 5 µM,L755507 (5 µM),condition_6,condition_6_replicate_1,1,0.171168239505369,interpretable,ratio,K7,0.171168239505369,16
Fig. 1b,7,L755507 5 µM,L755507 (5 µM),condition_6,condition_6_replicate_2,2,0.181381243920581,interpretable,ratio,L7,0.181381243920581,17
Fig. 1b,7,L755507 5 µM,L755507 (5 µM),condition_6,condition_6_replicate_3,3,0.1864231188658669,interpretable,ratio,M7,0.18642311886586699,18
Fig. 1b,8,SCR7 pyrazine 1 µM,SCR7 pyrazine (1 µM),condition_7,condition_7_replicate_1,1,0.18432402954737,interpretable,ratio,K8,0.18432402954737001,19
Fig. 1b,8,SCR7 pyrazine 1 µM,SCR7 pyrazine (1 µM),condition_7,condition_7_replicate_2,2,0.167685988133272,interpretable,ratio,L8,0.16768598813327201,20
Fig. 1b,8,SCR7 pyrazine 1 µM,SCR7 pyrazine (1 µM),condition_7,condition_7_replicate_3,3,0.1753034008582899,interpretable,ratio,M8,0.17530340085828999,21
