source_row,source_id,cohort,bmi,participant_key,_easyviz_jitter_position
2,1,Kerr,20.003,Kerr:1,1.9508651004098339
3,2,Kerr,53.0,Kerr:2,2.0415611812814944
4,3,Kerr,48.6,Kerr:3,1.9694844585553788
5,4,Kerr,44.1,Kerr:4,2.0336618057303504
6,5,Kerr,37.6,Kerr:5,1.9080299106749374
7,6,Kerr,26.786,Kerr:6,1.9036905492294542
8,7,Kerr,21.862,Kerr:7,2.0001825391109445
9,8,Kerr,54.9,Kerr:8,1.9733922839323899
10,9,Kerr,37.9,Kerr:9,1.8848447130456911
11,10,Kerr,37.4,Kerr:10,1.9239059677152957
12,11,Kerr,37.7,Kerr:11,1.8943940050439796
13,12,Kerr,44.2,Kerr:12,1.9467537991453334
14,13,Kerr,38.9,Kerr:13,2.102924917595547
15,14,Kerr,24.239,Kerr:14,1.9930334081559025
16,15,Kerr,45.3,Kerr:15,2.0300098968022495
17,16,Kerr,43.8,Kerr:16,2.0069941247469365
18,17,Kerr,38.7,Kerr:17,1.8892667393647726
19,18,Kerr,31.697,Kerr:18,1.9615930321691946
20,19,Kerr,27.475,Kerr:19,2.046292844991965
21,20,Kerr,43.4,Kerr:20,1.8930187553895286
22,21,Kerr,43.9,Kerr:21,2.1287133019609765
23,22,Kerr,39.5,Kerr:22,2.0009796657184804
24,23,Kerr,34.207,Kerr:23,1.883330413029132
25,24,Kerr,28.04,Kerr:24,2.043675818237704
26,25,Kerr,43.4,Kerr:25,2.007959132102075
27,26,Kerr,41.3,Kerr:26,2.1078256044583803
28,27,Kerr,22.534,Kerr:27,2.111624513510928
29,28,Kerr,21.981,Kerr:28,1.9741163211172914
30,29,Kerr,45.6,Kerr:29,2.0912497592130914
31,30,Kerr,26.346,Kerr:30,2.0760914023165453
32,31,Kerr,24.007,Kerr:31,1.9757411195890269
33,32,Kerr,26.754,Kerr:32,1.9267102268153264
34,33,Kerr,45.9,Kerr:33,2.0145857408907664
35,34,Kerr,49.96,Kerr:34,2.0855200280009116
36,35,Kerr,45.9,Kerr:35,2.0747725035994367
37,36,Kerr,45.4,Kerr:36,2.07608877315336
38,37,Kerr,34.8,Kerr:37,1.8854029799737506
39,38,Kerr,42.1,Kerr:38,2.0961803252334734
40,39,Kerr,52.2,Kerr:39,1.9453204454781652
41,40,Kerr,47.6,Kerr:40,1.9236711181880966
42,41,Kerr,26.927,Kerr:41,1.9856576268738948
43,42,Kerr,43.8,Kerr:42,2.011888896445727
44,43,Kerr,30.346,Kerr:43,1.8940062115427334
45,44,Kerr,41.7,Kerr:44,2.007405178677224
46,45,Kerr,22.534,Kerr:45,1.9042628140826527
47,46,Kerr,42.5,Kerr:46,2.002841683828627
48,47,Kerr,40.9,Kerr:47,2.0167570107159105
49,48,Kerr,40.1,Kerr:48,2.0335515471491448
50,49,Kerr,31.195,Kerr:49,2.098426370005247
51,50,Kerr,44.9,Kerr:50,2.112001139930129
52,51,Kerr,23.451,Kerr:51,2.0502634067990484
53,52,Kerr,23.253,Kerr:52,2.0427004195152434
54,53,Kerr,32.443,Kerr:53,1.9146189693964584
55,54,Kerr,34.034,Kerr:54,1.9615937137463741
56,55,Kerr,40.9,Kerr:55,2.0825938549266705
57,56,Kerr,45.5,Kerr:56,2.0809793936460688
58,57,Kerr,35.513,Kerr:57,2.074956281799697
59,58,Kerr,35.208,Kerr:58,1.931629524385201
60,59,Kerr,28.15,Kerr:59,1.9963924817271204
61,60,Kerr,34.026,Kerr:60,1.8701325164234788
62,61,Kerr,46.1,Kerr:61,1.989693545911332
63,62,Kerr,45.9,Kerr:62,1.9875809740845363
64,63,Kerr,41.3,Kerr:63,2.021446480429254
65,64,Kerr,45.6,Kerr:64,1.98162391324891
66,65,Kerr,36.4,Kerr:65,2.1282027192528425
67,66,Kerr,40.7,Kerr:66,2.129163776475981
68,67,Kerr,41.5,Kerr:67,1.9351614381920232
69,68,Kerr,24.022,Kerr:68,1.8905288484285703
70,69,Kerr,44.2,Kerr:69,2.1109628600781596
71,70,Kerr,24.014,Kerr:70,1.9036995282055353
72,71,Kerr,23.729,Kerr:71,1.923806173137834
73,72,Kerr,43.5,Kerr:72,1.957287033251948
74,73,Kerr,41.7,Kerr:73,2.090886331597115
75,74,Kerr,37.9,Kerr:74,2.010568463153627
76,75,Kerr,34.5,Kerr:75,2.003017742364755
77,76,Kerr,46.1,Kerr:76,1.879680676568137
78,77,Kerr,35.6,Kerr:77,1.900567216430614
79,78,Krieg,39.31,Krieg:78,0.11773033914257847
80,79,Krieg,42.97,Krieg:79,-0.01802352603929325
81,80,Krieg,39.68,Krieg:80,0.08056984453130384
82,81,Krieg,58.14,Krieg:81,-0.027080615690507837
83,82,Krieg,49.69,Krieg:82,0.030610888159815303
84,83,Krieg,44.59,Krieg:83,-0.1063821127997175
85,84,Krieg,44.41,Krieg:84,0.1253999663503851
86,85,Krieg,49.86,Krieg:85,0.07622857824886406
87,86,Krieg,43.5,Krieg:86,-0.08703758329212331
88,87,Krieg,33.61,Krieg:87,-0.016793788221301273
89,88,Krieg,48.1,Krieg:88,-0.02082307149830678
90,89,Krieg,53.59,Krieg:89,0.050306861992660754
91,90,Krieg,57.28,Krieg:90,0.12822357284548502
92,91,Krieg,48.79,Krieg:91,0.12154100398629311
93,92,Krieg,43.24,Krieg:92,-0.04356597060289406
94,93,Krieg,54.57,Krieg:93,-0.05561769839417903
95,94,Krieg,49.07,Krieg:94,0.056773690465362514
96,95,Krieg,44.0,Krieg:95,0.10099658698220035
97,96,Krieg,45.72,Krieg:96,-0.05439193206561408
98,97,Krieg,47.21,Krieg:97,0.04501415597078919
99,98,Krieg,42.46,Krieg:98,0.050666602201630925
100,99,Krieg,54.0,Krieg:99,-0.0409944889119931
101,100,Krieg,52.8,Krieg:100,-0.08395262068720873
316,315,Petrus,35.6,Petrus:315,1.0303453323575125
317,316,Petrus,20.0,Petrus:316,1.016545342663431
318,317,Petrus,35.9,Petrus:317,0.9256885414887699
319,318,Petrus,22.4,Petrus:318,0.8872630428198908
320,319,Petrus,37.7,Petrus:319,1.0223863088187517
321,320,Petrus,23.0,Petrus:320,0.9479725441693474
322,321,Petrus,40.0,Petrus:321,0.9503565432643957
323,322,Petrus,23.8,Petrus:322,1.081530494338079
324,323,Petrus,40.9,Petrus:323,1.0039026967159563
325,324,Petrus,23.0,Petrus:324,1.0435233356012201
326,325,Petrus,34.8,Petrus:325,0.9106925178355423
327,326,Petrus,23.5,Petrus:326,0.9938776165948955
328,327,Petrus,42.5,Petrus:327,1.057749342033955
329,328,Petrus,24.2,Petrus:328,1.0398374739671163
330,329,Petrus,44.2,Petrus:329,0.9446812601507855
331,330,Petrus,24.7,Petrus:330,1.018767152012906
332,331,Petrus,37.6,Petrus:331,0.93476347310764
333,332,Petrus,26.8,Petrus:332,1.1154819004124752
334,333,Petrus,43.4,Petrus:333,1.0591243669228603
335,334,Petrus,25.9,Petrus:334,1.0466115454963694
336,335,Petrus,44.2,Petrus:335,0.9163464681700325
337,336,Petrus,27.5,Petrus:336,1.0053486603196657
338,337,Petrus,41.5,Petrus:337,0.9042016326205311
339,338,Petrus,28.0,Petrus:338,1.0180242253894873
340,339,Petrus,53.0,Petrus:339,0.8790643494921004
341,340,Petrus,26.9,Petrus:340,1.1227269806707743
342,341,Petrus,37.7,Petrus:341,0.9050851703073591
343,342,Petrus,26.6,Petrus:342,0.8941496114576938
344,343,Petrus,38.7,Petrus:343,0.9185596439084528
