row_key,effect_axis,prepared_height,measured_share,series_label,_easyviz_area_pt2,_easyviz_marker_size_parameter_pt2
synthetic-1,-2.5,2.2,0.0,Batch A,0.0,0.0
synthetic-2,-1.8,7.0,0.02,Batch B,0.72,0.9167324722093171
synthetic-3,-0.4,1.2,0.15,Batch C,5.3999999999999995,6.875493541569878
synthetic-4,0.0,4.9,0.25,Batch A,9.0,11.459155902616464
synthetic-5,1.0,8.3,0.5,Batch B,18.0,22.91831180523293
synthetic-6,1.7,6.1,0.7,Batch C,25.2,32.0856365273261
synthetic-7,2.6,9.5,0.8,Batch A,28.8,36.66929888837269
synthetic-8,3.0,11.7,0.95,Batch B,34.199999999999996,43.54479242994256
synthetic-9,3.6,10.1,1.0,Batch C,36.0,45.83662361046586
