elapsed_min,axis_quantity,reported_center,reported_sd,row_note
60,Length variant,5.5,0.9,synthetic reproduce transfer
44,Length variant,4.1,0.7,synthetic reproduce transfer
28,Length variant,2.9,0.6,synthetic reproduce transfer
12,Length variant,2.3,0.5,synthetic reproduce transfer
5,Length variant,2.1,0.4,synthetic reproduce transfer
1,Length variant,2.2,0.4,synthetic reproduce transfer
60,Width variant,1.28,0.12,synthetic reproduce transfer
44,Width variant,1.3,0.11,synthetic reproduce transfer
28,Width variant,1.2,0.1,synthetic reproduce transfer
12,Width variant,1.05,0.1,synthetic reproduce transfer
5,Width variant,0.96,0.09,synthetic reproduce transfer
1,Width variant,0.9,0.08,synthetic reproduce transfer
