observation_id,gene,display_gene,group,source_column_index,relative_expression,source_sheet,source_cell
ucp1/YT-FF/1,ucp1,Ucp1,YT-FF,1,0.45888600000000002,Fig. 2c,B3
ucp1/YT-FF/2,ucp1,Ucp1,YT-FF,2,1.920676,Fig. 2c,C3
ucp1/YT-FF/3,ucp1,Ucp1,YT-FF,3,0.28728900000000002,Fig. 2c,D3
ucp1/YT-FF/4,ucp1,Ucp1,YT-FF,4,0.68888400000000005,Fig. 2c,E3
ucp1/YT-FF/5,ucp1,Ucp1,YT-FF,5,1.6442650000000001,Fig. 2c,F3
ucp1/YT-AKO/1,ucp1,Ucp1,YT-AKO,1,4.0412080000000001,Fig. 2c,G3
ucp1/YT-AKO/2,ucp1,Ucp1,YT-AKO,2,4.0923040000000004,Fig. 2c,H3
ucp1/YT-AKO/3,ucp1,Ucp1,YT-AKO,3,9.9390800000000006,Fig. 2c,I3
ucp1/YT-AKO/4,ucp1,Ucp1,YT-AKO,4,10.69026,Fig. 2c,J3
ucp1/YT-AKO/5,ucp1,Ucp1,YT-AKO,5,13.147169999999999,Fig. 2c,K3
cidea/YT-FF/1,cidea,Cidea,YT-FF,1,0.79145100000000002,Fig. 2c,B4
cidea/YT-FF/2,cidea,Cidea,YT-FF,2,0.98295200000000005,Fig. 2c,C4
cidea/YT-FF/3,cidea,Cidea,YT-FF,3,0.88895299999999999,Fig. 2c,D4
cidea/YT-FF/4,cidea,Cidea,YT-FF,4,0.94987500000000002,Fig. 2c,E4
cidea/YT-FF/5,cidea,Cidea,YT-FF,5,1.3867700000000001,Fig. 2c,F4
cidea/YT-AKO/1,cidea,Cidea,YT-AKO,1,3.6048680000000002,Fig. 2c,G4
cidea/YT-AKO/2,cidea,Cidea,YT-AKO,2,3.6580119999999998,Fig. 2c,H4
cidea/YT-AKO/3,cidea,Cidea,YT-AKO,3,6.1171319999999998,Fig. 2c,I4
cidea/YT-AKO/4,cidea,Cidea,YT-AKO,4,4.2726959999999998,Fig. 2c,J4
cidea/YT-AKO/5,cidea,Cidea,YT-AKO,5,6.1028380000000002,Fig. 2c,K4
dio2/YT-FF/1,dio2,Dio2,YT-FF,1,0.194548,Fig. 2c,B5
dio2/YT-FF/2,dio2,Dio2,YT-FF,2,0.60245199999999999,Fig. 2c,C5
dio2/YT-FF/3,dio2,Dio2,YT-FF,3,1.2024300000000001,Fig. 2c,D5
dio2/YT-FF/4,dio2,Dio2,YT-FF,4,1.3958790000000001,Fig. 2c,E5
dio2/YT-FF/5,dio2,Dio2,YT-FF,5,1.6046899999999999,Fig. 2c,F5
dio2/YT-AKO/1,dio2,Dio2,YT-AKO,1,2.5447479999999998,Fig. 2c,G5
dio2/YT-AKO/2,dio2,Dio2,YT-AKO,2,2.7605529999999998,Fig. 2c,H5
dio2/YT-AKO/3,dio2,Dio2,YT-AKO,3,14.615550000000001,Fig. 2c,I5
dio2/YT-AKO/4,dio2,Dio2,YT-AKO,4,7.70472,Fig. 2c,J5
dio2/YT-AKO/5,dio2,Dio2,YT-AKO,5,10.09684,Fig. 2c,K5
cox8b/YT-FF/1,cox8b,Cox8b,YT-FF,1,0.58428100000000005,Fig. 2c,B6
cox8b/YT-FF/2,cox8b,Cox8b,YT-FF,2,1.28305,Fig. 2c,C6
cox8b/YT-FF/3,cox8b,Cox8b,YT-FF,3,0.80286599999999997,Fig. 2c,D6
cox8b/YT-FF/4,cox8b,Cox8b,YT-FF,4,0.94588799999999995,Fig. 2c,E6
cox8b/YT-FF/5,cox8b,Cox8b,YT-FF,5,1.383915,Fig. 2c,F6
cox8b/YT-AKO/1,cox8b,Cox8b,YT-AKO,1,6.0900530000000002,Fig. 2c,G6
cox8b/YT-AKO/2,cox8b,Cox8b,YT-AKO,2,5.2909100000000002,Fig. 2c,H6
cox8b/YT-AKO/3,cox8b,Cox8b,YT-AKO,3,6.1451399999999996,Fig. 2c,I6
cox8b/YT-AKO/4,cox8b,Cox8b,YT-AKO,4,7.5353089999999998,Fig. 2c,J6
cox8b/YT-AKO/5,cox8b,Cox8b,YT-AKO,5,11.26141,Fig. 2c,K6
elovl3/YT-FF/1,elovl3,Elovl3,YT-FF,1,0.43892500000000001,Fig. 2c,B7
elovl3/YT-FF/2,elovl3,Elovl3,YT-FF,2,1.099483,Fig. 2c,C7
elovl3/YT-FF/3,elovl3,Elovl3,YT-FF,3,1.073083,Fig. 2c,D7
elovl3/YT-FF/4,elovl3,Elovl3,YT-FF,4,0.43412699999999999,Fig. 2c,E7
elovl3/YT-FF/5,elovl3,Elovl3,YT-FF,5,1.9543820000000001,Fig. 2c,F7
elovl3/YT-AKO/1,elovl3,Elovl3,YT-AKO,1,50.74812,Fig. 2c,G7
elovl3/YT-AKO/2,elovl3,Elovl3,YT-AKO,2,74.089789999999994,Fig. 2c,H7
elovl3/YT-AKO/3,elovl3,Elovl3,YT-AKO,3,53.116700000000002,Fig. 2c,I7
elovl3/YT-AKO/4,elovl3,Elovl3,YT-AKO,4,50.22945,Fig. 2c,J7
elovl3/YT-AKO/5,elovl3,Elovl3,YT-AKO,5,50.956980000000001,Fig. 2c,K7
prdm16/YT-FF/1,prdm16,Prdm16,YT-FF,1,1.0924179999999999,Fig. 2c,B8
prdm16/YT-FF/2,prdm16,Prdm16,YT-FF,2,0.57901800000000003,Fig. 2c,C8
prdm16/YT-FF/3,prdm16,Prdm16,YT-FF,3,1.7071190000000001,Fig. 2c,D8
prdm16/YT-FF/4,prdm16,Prdm16,YT-FF,4,0.97459399999999996,Fig. 2c,E8
prdm16/YT-FF/5,prdm16,Prdm16,YT-FF,5,0.64685099999999995,Fig. 2c,F8
prdm16/YT-AKO/1,prdm16,Prdm16,YT-AKO,1,0.47170499999999999,Fig. 2c,G8
prdm16/YT-AKO/2,prdm16,Prdm16,YT-AKO,2,0.48962,Fig. 2c,H8
prdm16/YT-AKO/3,prdm16,Prdm16,YT-AKO,3,0.729962,Fig. 2c,I8
prdm16/YT-AKO/4,prdm16,Prdm16,YT-AKO,4,0.78390400000000005,Fig. 2c,J8
prdm16/YT-AKO/5,prdm16,Prdm16,YT-AKO,5,0.99526899999999996,Fig. 2c,K8
