gene,cosine,interaction_p_adjusted,source_sheet,cosine_cell,p_cell
CXCL1,0.88825715,5.3E-10,3f_anova_cosine_sim,E2,J2
IL1RAP,0.65458363,1.0,3f_anova_cosine_sim,E3,J3
CXCL6,0.13214867,1.36E-8,3f_anova_cosine_sim,E4,J4
IL1B,0.5144269,1.0,3f_anova_cosine_sim,E5,J5
TNFSF12,0.7130556,2.32E-5,3f_anova_cosine_sim,E6,J6
IL1RN,0.8821135,1.84E-5,3f_anova_cosine_sim,E7,J7
TNFSF9,0.3856519,1.0,3f_anova_cosine_sim,E8,J8
TNFSF11,0.79081815,0.5683631268,3f_anova_cosine_sim,E9,J9
CXCL10,0.96753454,1.0,3f_anova_cosine_sim,E10,J10
IL7R,0.9197927,0.2663082839,3f_anova_cosine_sim,E11,J11
CD70,0.97562283,0.263619982,3f_anova_cosine_sim,E12,J12
FLT3LG,0.81779075,0.2877535154,3f_anova_cosine_sim,E13,J13
IL23A,0.8767465,1.0,3f_anova_cosine_sim,E14,J14
CCL20,0.86570686,0.009317732015,3f_anova_cosine_sim,E15,J15
CCL1,0.23975281,0.01463700767,3f_anova_cosine_sim,E16,J16
IL6ST,0.92192495,1.0,3f_anova_cosine_sim,E17,J17
EBI3,0.891817,0.00270482157,3f_anova_cosine_sim,E18,J18
CXCL11,0.8233265,0.4094261202,3f_anova_cosine_sim,E19,J19
CCL21,0.96929693,1.0,3f_anova_cosine_sim,E20,J20
IL15,0.8847868,1.0,3f_anova_cosine_sim,E21,J21
TNF,0.8260814,1.0,3f_anova_cosine_sim,E22,J22
CXCL16,0.7936152,1.0,3f_anova_cosine_sim,E23,J23
LTA,0.9493995,1.0,3f_anova_cosine_sim,E24,J24
TNFSF13B,0.9252401,1.0,3f_anova_cosine_sim,E25,J25
CCL19,0.99284744,1.0,3f_anova_cosine_sim,E26,J26
IL4R,0.96144116,1.6E-8,3f_anova_cosine_sim,E27,J27
CD40LG,0.9653997,1.0,3f_anova_cosine_sim,E28,J28
CXCL9,0.98597705,1.0,3f_anova_cosine_sim,E29,J29
CCL22,0.93356854,7.58E-44,3f_anova_cosine_sim,E30,J30
CCL13,-0.26036054,0.003813341233,3f_anova_cosine_sim,E31,J31
CCL3,0.057722904,0.03128145233,3f_anova_cosine_sim,E32,J32
CCL28,0.7719737,1.0,3f_anova_cosine_sim,E33,J33
CX3CL1,0.11535855,0.1656605816,3f_anova_cosine_sim,E34,J34
CSF1,0.4657426,1.0,3f_anova_cosine_sim,E35,J35
CCL4,0.87283325,1.0,3f_anova_cosine_sim,E36,J36
CXCL13,0.76439327,2.285789428E-4,3f_anova_cosine_sim,E37,J37
IL12B,0.92365843,0.5491681908,3f_anova_cosine_sim,E38,J38
CXCL14,0.902501,1.0,3f_anova_cosine_sim,E39,J39
TNFSF13,0.8836963,8.32E-6,3f_anova_cosine_sim,E40,J40
IL6R,0.94136393,1.0,3f_anova_cosine_sim,E41,J41
XCL1,0.9100782,1.0,3f_anova_cosine_sim,E42,J42
IL18,0.89484733,1.0,3f_anova_cosine_sim,E43,J43
XCL2,0.6988821,1.0,3f_anova_cosine_sim,E44,J44
TNFSF14,0.9574649,1.0,3f_anova_cosine_sim,E45,J45
CCL17,0.9834556,6.67E-5,3f_anova_cosine_sim,E46,J46
CCL5,0.91107035,1.0,3f_anova_cosine_sim,E47,J47
CCL18,0.8691729,1.0,3f_anova_cosine_sim,E48,J48
TNFSF10,0.75020087,1.129519409E-4,3f_anova_cosine_sim,E49,J49
IL15RA,0.48078638,1.0,3f_anova_cosine_sim,E50,J50
IL17RE,0.596603,1.0,3f_anova_cosine_sim,E51,J51
CXCL8,0.70750034,1.0,3f_anova_cosine_sim,E52,J52
CXCL3,0.94125235,1.0,3f_anova_cosine_sim,E53,J53
BMP8A,0.7960877,0.1547373629,3f_anova_cosine_sim,E54,J54
CXCL12,0.97385496,1.0,3f_anova_cosine_sim,E55,J55
CCL25,0.97383267,1.0,3f_anova_cosine_sim,E56,J56
IL34,0.18990383,0.7256923116,3f_anova_cosine_sim,E57,J57
IL33,-0.0214911,0.1342244035,3f_anova_cosine_sim,E58,J58
CCL2,0.38604793,1.0,3f_anova_cosine_sim,E59,J59
IL1R1,-0.58260214,0.002678268925,3f_anova_cosine_sim,E60,J60
BMP7,0.65128034,1.0,3f_anova_cosine_sim,E61,J61
SPP1,-0.82925355,2.4E-12,3f_anova_cosine_sim,E62,J62
CCL14,0.28027815,0.02487053292,3f_anova_cosine_sim,E63,J63
GDF11,0.51043904,1.0,3f_anova_cosine_sim,E64,J64
IL1R2,0.022454454,2.53E-8,3f_anova_cosine_sim,E65,J65
TGFB3,-0.5166117,0.02672209792,3f_anova_cosine_sim,E66,J66
