gene,sample,condition,tpm,source_sheet,source_cell,source_gene_cell,source_sample_cell,log2_tpm_plus_1,row_index,column_index,artist_id
Ndufc1,F1,YT-FF,80.276102257472758,Fig. 2b,B3,A3,B2,6.3447593116055954,0,0,easyviz-expression-cell-f4980092c147fddc
Ndufc1,F2,YT-FF,71.573279519798348,Fig. 2b,C3,A3,C2,6.1813665604623269,0,1,easyviz-expression-cell-0b18704a9fedcad9
Ndufc1,F3,YT-FF,115.12172939868883,Fig. 2b,D3,A3,D2,6.8594941530415081,0,2,easyviz-expression-cell-5850e9517884d02d
Ndufc1,A1,YT-AKO,202.57413237918854,Fig. 2b,E3,A3,E2,7.6694104434320352,0,3,easyviz-expression-cell-68cddca0e6408af0
Ndufc1,A2,YT-AKO,344.15142572645578,Fig. 2b,F3,A3,F2,8.4310856334501452,0,4,easyviz-expression-cell-54e9a3e5ad92eda8
Ndufc1,A3,YT-AKO,209.94219795308214,Fig. 2b,G3,A3,G2,7.7207039178508081,0,5,easyviz-expression-cell-6bdfed117c26a560
Ndufa5,F1,YT-FF,34.806206855400191,Fig. 2b,B4,A4,B2,5.1621377891740847,1,0,easyviz-expression-cell-c3a1718618b35dea
Ndufa5,F2,YT-FF,32.421499785877373,Fig. 2b,C4,A4,C2,5.0627045705096325,1,1,easyviz-expression-cell-5a853245b192b118
Ndufa5,F3,YT-FF,39.982680124076083,Fig. 2b,D4,A4,D2,5.3569424295361721,1,2,easyviz-expression-cell-c9b4f77d6419a50b
Ndufa5,A1,YT-AKO,68.784747624973747,Fig. 2b,E4,A4,E2,6.1248398457875286,1,3,easyviz-expression-cell-81017265599b9b5e
Ndufa5,A2,YT-AKO,113.81201221462931,Fig. 2b,F4,A4,F2,6.8431297817523493,1,4,easyviz-expression-cell-1eb54acd4d70cbf6
Ndufa5,A3,YT-AKO,80.554344685887898,Fig. 2b,G4,A4,G2,6.3496898312950441,1,5,easyviz-expression-cell-4fa842e91eee7c57
Ndufa2,F1,YT-FF,199.53336511363543,Fig. 2b,B5,A5,B2,7.647698484705824,2,0,easyviz-expression-cell-3fd2f01bc82d230a
Ndufa2,F2,YT-FF,137.10766007189056,Fig. 2b,C5,A5,C2,7.1096495299445515,2,1,easyviz-expression-cell-7a9bcd74a1d01e73
Ndufa2,F3,YT-FF,262.94207490343211,Fig. 2b,D5,A5,D2,8.0440775382262828,2,2,easyviz-expression-cell-72ca96febd704cda
Ndufa2,A1,YT-AKO,446.14795444138934,Fig. 2b,E5,A5,E2,8.8046084659725334,2,3,easyviz-expression-cell-a272c1545b66f37a
Ndufa2,A2,YT-AKO,1180.1959353972409,Fig. 2b,F5,A5,F2,10.206032581810144,2,4,easyviz-expression-cell-c39f31e5aa9cf239
Ndufa2,A3,YT-AKO,437.51680608126298,Fig. 2b,G5,A5,G2,8.7764883245438803,2,5,easyviz-expression-cell-c0e1b276a13c5d30
Ndufa3,F1,YT-FF,113.27422932341929,Fig. 2b,B6,A6,B2,6.8363562790730033,3,0,easyviz-expression-cell-6cb051888e4d7bb8
Ndufa3,F2,YT-FF,105.0441590966246,Fig. 2b,C6,A6,C2,6.7285213493098679,3,1,easyviz-expression-cell-c7d7f49f4343ef60
Ndufa3,F3,YT-FF,141.406667315747,Fig. 2b,D6,A6,D2,7.1538728829764215,3,2,easyviz-expression-cell-1dff7422da7a4151
Ndufa3,A1,YT-AKO,229.92781731835606,Fig. 2b,E6,A6,E2,7.8512981588591337,3,3,easyviz-expression-cell-4e6f83c303528646
Ndufa3,A2,YT-AKO,411.07139707890258,Fig. 2b,F6,A6,F2,8.686750515745592,3,4,easyviz-expression-cell-f48244914a40fe56
Ndufa3,A3,YT-AKO,249.38638889579892,Fig. 2b,G6,A6,G2,7.9680123286976086,3,5,easyviz-expression-cell-d6710eadc16b93e3
Ndufa1,F1,YT-FF,67.095691456609543,Fig. 2b,B7,A7,B2,6.0894916139642818,4,0,easyviz-expression-cell-3e5fef5297644cfe
Ndufa1,F2,YT-FF,52.754513564666411,Fig. 2b,C7,A7,C2,5.7483139923610311,4,1,easyviz-expression-cell-8436609f7d9a0a50
Ndufa1,F3,YT-FF,90.105678764405539,Fig. 2b,D7,A7,D2,6.5094690772342059,4,2,easyviz-expression-cell-309d6ff524cc25ee
Ndufa1,A1,YT-AKO,187.3607153996241,Fig. 2b,E7,A7,E2,7.5573542969340721,4,3,easyviz-expression-cell-9cc98bf35a5951df
Ndufa1,A2,YT-AKO,251.15271020319773,Fig. 2b,F7,A7,F2,7.9781539216164621,4,4,easyviz-expression-cell-80f99867435b16b3
Ndufa1,A3,YT-AKO,193.16383396522448,Fig. 2b,G7,A7,G2,7.6011306911597112,4,5,easyviz-expression-cell-bac6cd50252b69eb
Ndufa8,F1,YT-FF,31.255969014346341,Fig. 2b,B8,A8,B2,5.0114942529601523,5,0,easyviz-expression-cell-1810326c6d016166
Ndufa8,F2,YT-FF,25.903176572982829,Fig. 2b,C8,A8,C2,4.7497046228931197,5,1,easyviz-expression-cell-79ae30ebc44e2c96
Ndufa8,F3,YT-FF,36.402366512280516,Fig. 2b,D8,A8,D2,5.2250576496933032,5,2,easyviz-expression-cell-d46139bc653098b0
Ndufa8,A1,YT-AKO,61.021998014928343,Fig. 2b,E8,A8,E2,5.9547080974550939,5,3,easyviz-expression-cell-0130f7fd0288aa19
Ndufa8,A2,YT-AKO,96.009345375277249,Fig. 2b,F8,A8,F2,6.6000518306111342,5,4,easyviz-expression-cell-d8f83bf21181d25c
Ndufa8,A3,YT-AKO,68.425779113825243,Fig. 2b,G8,A8,G2,6.1173995573145579,5,5,easyviz-expression-cell-fb81218e8dd46698
Ucp1,F1,YT-FF,6.2696435068013479,Fig. 2b,B9,A9,B2,2.8618846181228412,6,0,easyviz-expression-cell-6cd1882a14815d20
Ucp1,F2,YT-FF,3.4312714800669966,Fig. 2b,C9,A9,C2,2.1477207156635276,6,1,easyviz-expression-cell-d8df66258b605d15
Ucp1,F3,YT-FF,8.3105613775164393,Fig. 2b,D9,A9,D2,3.2188681572730387,6,2,easyviz-expression-cell-31dc554592aa03ea
Ucp1,A1,YT-AKO,93.04391433170025,Fig. 2b,E9,A9,E2,6.5552626835316996,6,3,easyviz-expression-cell-e6ca7062cdc22633
Ucp1,A2,YT-AKO,152.39644273821622,Fig. 2b,F9,A9,F2,7.2611212169216977,6,4,easyviz-expression-cell-6f47c6a56a152a25
Ucp1,A3,YT-AKO,158.50604548677171,Fig. 2b,G9,A9,G2,7.3174672948212933,6,5,easyviz-expression-cell-ea4670559082004c
Uqcr10,F1,YT-FF,246.20669624471401,Fig. 2b,B10,A10,B2,7.9495740127427341,7,0,easyviz-expression-cell-2dd47aac2955f9ca
Uqcr10,F2,YT-FF,281.03975664984728,Fig. 2b,C10,A10,C2,8.1397547306925961,7,1,easyviz-expression-cell-c6295c7c04ee5fba
Uqcr10,F3,YT-FF,318.32890045930776,Fig. 2b,D10,A10,D2,8.3188993178863306,7,2,easyviz-expression-cell-b45d55c297912dda
Uqcr10,A1,YT-AKO,590.83072273855021,Fig. 2b,E10,A10,E2,9.2090407805141989,7,3,easyviz-expression-cell-95d73c9e43d327f8
Uqcr10,A2,YT-AKO,993.65849502714957,Fig. 2b,F10,A10,F2,9.9580574670888051,7,4,easyviz-expression-cell-6d8fd46b061a6e6a
Uqcr10,A3,YT-AKO,603.89038905442192,Fig. 2b,G10,A10,G2,9.2405299280389457,7,5,easyviz-expression-cell-b66042b55b2968bb
Uqcr11,F1,YT-FF,96.668077911260838,Fig. 2b,B11,A11,B2,6.6098151999215826,8,0,easyviz-expression-cell-bfe5fc840f27aac6
Uqcr11,F2,YT-FF,66.789882333701613,Fig. 2b,C11,A11,C2,6.0829980615200441,8,1,easyviz-expression-cell-4d2cf5c266e37961
Uqcr11,F3,YT-FF,143.12069617287128,Fig. 2b,D11,A11,D2,7.1711337155857544,8,2,easyviz-expression-cell-607f88a7eaaf3c34
Uqcr11,A1,YT-AKO,327.20975879993875,Fig. 2b,E11,A11,E2,8.3584743255275278,8,3,easyviz-expression-cell-1b4589ba70782bd9
Uqcr11,A2,YT-AKO,636.98316404216246,Fig. 2b,F11,A11,F2,9.3173745424900023,8,4,easyviz-expression-cell-b7d2437556eac036
Uqcr11,A3,YT-AKO,370.97178815929152,Fig. 2b,G11,A11,G2,8.5390493954464386,8,5,easyviz-expression-cell-acad2e9b32a35d8c
Ndufs5,F1,YT-FF,49.829517549560293,Fig. 2b,B12,A12,B2,5.6675946323398616,9,0,easyviz-expression-cell-fe2b57689590d49b
Ndufs5,F2,YT-FF,41.508746837963663,Fig. 2b,C12,A12,C2,5.4096878236996897,9,1,easyviz-expression-cell-ad6441c5d9df66ba
Ndufs5,F3,YT-FF,98.20632562711026,Fig. 2b,D12,A12,D2,6.6323602080389312,9,2,easyviz-expression-cell-12b06dbbfe986fec
Ndufs5,A1,YT-AKO,150.59962857467235,Fig. 2b,E12,A12,E2,7.2441224086258487,9,3,easyviz-expression-cell-0cde250e0ad3706c
Ndufs5,A2,YT-AKO,241.38821042456505,Fig. 2b,F12,A12,F2,7.921175718719029,9,4,easyviz-expression-cell-7aabd67463026bba
Ndufs5,A3,YT-AKO,98.484835219104625,Fig. 2b,G12,A12,G2,6.636404722839262,9,5,easyviz-expression-cell-8704d2c18fa851bf
Ndufs6,F1,YT-FF,16.761084826417314,Fig. 2b,B13,A13,B2,4.1506477974028062,10,0,easyviz-expression-cell-8a2a19da27ef6496
Ndufs6,F2,YT-FF,10.29505223669711,Fig. 2b,C13,A13,C2,3.4976190377254519,10,1,easyviz-expression-cell-5dfb6cc04bbc8616
Ndufs6,F3,YT-FF,29.051817603006356,Fig. 2b,D13,A13,D2,4.9093803459749781,10,2,easyviz-expression-cell-30cbfb2f84a6977f
Ndufs6,A1,YT-AKO,64.739773833472782,Fig. 2b,E13,A13,E2,6.0386945879668499,10,3,easyviz-expression-cell-d8804dff52fc6485
Ndufs6,A2,YT-AKO,134.70874861259247,Fig. 2b,F13,A13,F2,7.084369918439827,10,4,easyviz-expression-cell-6e52401bfa80d709
Ndufs6,A3,YT-AKO,59.05091714118997,Fig. 2b,G13,A13,G2,5.9081143748722669,10,5,easyviz-expression-cell-e825f3c39ae3e6f7
Cox6b1,F1,YT-FF,143.38765964122541,Fig. 2b,B14,A14,B2,7.1738036346647363,11,0,easyviz-expression-cell-64462e6909d8850b
Cox6b1,F2,YT-FF,141.04566556608344,Fig. 2b,C14,A14,C2,7.1502109990443632,11,1,easyviz-expression-cell-e89feda426037813
Cox6b1,F3,YT-FF,171.99881574722792,Fig. 2b,D14,A14,D2,7.4346183517901974,11,2,easyviz-expression-cell-48f8e3ec7b57247c
Cox6b1,A1,YT-AKO,305.31671463929604,Fig. 2b,E14,A14,E2,8.2588802817174667,11,3,easyviz-expression-cell-092489a471214d0b
Cox6b1,A2,YT-AKO,441.35510053410854,Fig. 2b,F14,A14,F2,8.7890611478516529,11,4,easyviz-expression-cell-1e15be09c803bf30
Cox6b1,A3,YT-AKO,305.08116346740439,Fig. 2b,G14,A14,G2,8.2577704525150111,11,5,easyviz-expression-cell-92280a71744b8e1c
Ndufb9,F1,YT-FF,117.56119150206351,Fig. 2b,B15,A15,B2,6.8894880412278079,12,0,easyviz-expression-cell-cf93d7dde7746212
Ndufb9,F2,YT-FF,124.67198570674834,Fig. 2b,C15,A15,C2,6.9735192756006983,12,1,easyviz-expression-cell-142ee5b437c002ce
Ndufb9,F3,YT-FF,133.48090349292076,Fig. 2b,D15,A15,D2,7.0712575120579455,12,2,easyviz-expression-cell-6ed16e48cc098662
Ndufb9,A1,YT-AKO,242.06901035075791,Fig. 2b,E15,A15,E2,7.9252221610386036,12,3,easyviz-expression-cell-57cdd261b44724b7
Ndufb9,A2,YT-AKO,400.6330421754144,Fig. 2b,F15,A15,F2,8.6497341538384855,12,4,easyviz-expression-cell-d9de338e19aa8b6d
Ndufb9,A3,YT-AKO,254.97935055096141,Fig. 2b,G15,A15,G2,7.9998836247684242,12,5,easyviz-expression-cell-65359c0a9e2dc3eb
Ndufb7,F1,YT-FF,85.58003956200811,Fig. 2b,B16,A16,B2,6.4359625546649326,13,0,easyviz-expression-cell-44937a58ac8e9798
Ndufb7,F2,YT-FF,89.934832607884474,Fig. 2b,C16,A16,C2,6.5067611198320252,13,1,easyviz-expression-cell-bc59d8f9f18422b1
Ndufb7,F3,YT-FF,95.294083951564517,Fig. 2b,D16,A16,D2,6.5893752603920319,13,2,easyviz-expression-cell-9df8e9a42f86a623
Ndufb7,A1,YT-AKO,145.06715343166164,Fig. 2b,E16,A16,E2,7.190487981133467,13,3,easyviz-expression-cell-afbf99c555ed9efb
Ndufb7,A2,YT-AKO,315.64654474462367,Fig. 2b,F16,A16,F2,8.3067295265408294,13,4,easyviz-expression-cell-1fc31d866d0e294c
Ndufb7,A3,YT-AKO,138.11846163685925,Fig. 2b,G16,A16,G2,7.1201700743896463,13,5,easyviz-expression-cell-300e999f6b3cb90a
Ndufb6,F1,YT-FF,27.479695188825069,Fig. 2b,B17,A17,B2,4.8318618004640141,14,0,easyviz-expression-cell-7628615b641238a5
Ndufb6,F2,YT-FF,23.496586636170623,Fig. 2b,C17,A17,C2,4.6145088324360097,14,1,easyviz-expression-cell-6509687fc24aad26
Ndufb6,F3,YT-FF,37.782639050147232,Fig. 2b,D17,A17,D2,5.2773390730359759,14,2,easyviz-expression-cell-248626347b135891
Ndufb6,A1,YT-AKO,77.754539810965596,Fig. 2b,E17,A17,E2,6.2992911850410946,14,3,easyviz-expression-cell-9918f5e9fb42414e
Ndufb6,A2,YT-AKO,93.808250669057728,Fig. 2b,F17,A17,F2,6.566940709721675,14,4,easyviz-expression-cell-edceaef017df096a
Ndufb6,A3,YT-AKO,77.948524401925468,Fig. 2b,G17,A17,G2,6.3028403963380546,14,5,easyviz-expression-cell-e6be3ed72b771a11
Uqcrq,F1,YT-FF,375.20701437364977,Fig. 2b,B18,A18,B2,8.5553829379121193,15,0,easyviz-expression-cell-44bf5a2f57c562a6
Uqcrq,F2,YT-FF,334.6944336295382,Fig. 2b,C18,A18,C2,8.3910048047320203,15,1,easyviz-expression-cell-3056fc45e3576698
Uqcrq,F3,YT-FF,501.3290206629718,Fig. 2b,D18,A18,D2,8.9724888148882425,15,2,easyviz-expression-cell-cd38954c60a506c6
Uqcrq,A1,YT-AKO,1292.6361129545469,Fig. 2b,E18,A18,E2,10.337216143210002,15,3,easyviz-expression-cell-28c81a958ab831f9
Uqcrq,A2,YT-AKO,2365.8664832989352,Fig. 2b,F18,A18,F2,11.208762609528266,15,4,easyviz-expression-cell-ddee0dcbb3e90c39
Uqcrq,A3,YT-AKO,1374.9104989846296,Fig. 2b,G18,A18,G2,10.426170912499655,15,5,easyviz-expression-cell-94a374a0302c1ca2
Cox8b,F1,YT-FF,144.27123305909953,Fig. 2b,B19,A19,B2,7.1826052352653678,16,0,easyviz-expression-cell-e78290c716532df8
Cox8b,F2,YT-FF,146.36869490492316,Fig. 2b,C19,A19,C2,7.2032862793225085,16,1,easyviz-expression-cell-d5af101a3a4672db
Cox8b,F3,YT-FF,191.83302589893142,Fig. 2b,D19,A19,D2,7.5912083482941615,16,2,easyviz-expression-cell-1e29c96c3f996611
Cox8b,A1,YT-AKO,1266.0211466462622,Fig. 2b,E19,A19,E2,10.307224887994085,16,3,easyviz-expression-cell-bc7f1d3d0b49c656
Cox8b,A2,YT-AKO,3180.2290122931558,Fig. 2b,F19,A19,F2,11.63536851790607,16,4,easyviz-expression-cell-013221be1f0d8e10
Cox8b,A3,YT-AKO,1648.6605284316756,Fig. 2b,G19,A19,G2,10.687953458020372,16,5,easyviz-expression-cell-bc7bd6c5b9b8e3d7
Uqcrh,F1,YT-FF,154.15787737404165,Fig. 2b,B20,A20,B2,7.2775931342080229,17,0,easyviz-expression-cell-b1ca3565189710e7
Uqcrh,F2,YT-FF,143.15864708459401,Fig. 2b,C20,A20,C2,7.1715135665444611,17,1,easyviz-expression-cell-1cc821d63a5250d6
Uqcrh,F3,YT-FF,153.85255190222483,Fig. 2b,D20,A20,D2,7.2747513479655295,17,2,easyviz-expression-cell-98885afc4196d35e
Uqcrh,A1,YT-AKO,267.83234542837846,Fig. 2b,E20,A20,E2,8.0705629208292855,17,3,easyviz-expression-cell-9d951344650433a8
Uqcrh,A2,YT-AKO,472.12882588232685,Fig. 2b,F20,A20,F2,8.8860892510482969,17,4,easyviz-expression-cell-9b7b30aafb9d754a
Uqcrh,A3,YT-AKO,270.08059390477592,Fig. 2b,G20,A20,G2,8.0825780271132217,17,5,easyviz-expression-cell-b235849a33ba4edd
Ndufv3,F1,YT-FF,57.221710785981969,Fig. 2b,B21,A21,B2,5.8634853271029348,18,0,easyviz-expression-cell-6c6c96240051eb3a
Ndufv3,F2,YT-FF,44.781269364188987,Fig. 2b,C21,A21,C2,5.5166855595291544,18,1,easyviz-expression-cell-5027f840bc308767
Ndufv3,F3,YT-FF,66.840096433318223,Fig. 2b,D21,A21,D2,6.0840663155516097,18,2,easyviz-expression-cell-41250824a28843a3
Ndufv3,A1,YT-AKO,105.29675831482805,Fig. 2b,E21,A21,E2,6.7319537900827493,18,3,easyviz-expression-cell-fbf3306bb231b258
Ndufv3,A2,YT-AKO,170.24999716408587,Fig. 2b,F21,A21,F2,7.4199601539567404,18,4,easyviz-expression-cell-a2cae8754142c8e6
Ndufv3,A3,YT-AKO,133.52981023278917,Fig. 2b,G21,A21,G2,7.0717820823315556,18,5,easyviz-expression-cell-2d6d90db3fb288c0
Cox5b,F1,YT-FF,343.15373006194807,Fig. 2b,B22,A22,B2,8.4269093362599943,19,0,easyviz-expression-cell-d0d5f0606830de28
Cox5b,F2,YT-FF,267.13808703000933,Fig. 2b,C22,A22,C2,8.0668323477996218,19,1,easyviz-expression-cell-be2f9c011629b3fc
Cox5b,F3,YT-FF,402.40152939345626,Fig. 2b,D22,A22,D2,8.6560727433442715,19,2,easyviz-expression-cell-1ee22667f2866713
Cox5b,A1,YT-AKO,820.24097692225894,Fig. 2b,E22,A22,E2,9.6816618042251896,19,3,easyviz-expression-cell-7f668d30c7de1c4c
Cox5b,A2,YT-AKO,1179.0001710793515,Fig. 2b,F22,A22,F2,10.204571353414725,19,4,easyviz-expression-cell-c113d26a9f91a829
Cox5b,A3,YT-AKO,910.80893355963588,Fig. 2b,G22,A22,G2,9.8325877340279035,19,5,easyviz-expression-cell-7ad8ffac5f9ace59
Atp5j2,F1,YT-FF,129.64309844016012,Fig. 2b,B23,A23,B2,7.0294871023457937,20,0,easyviz-expression-cell-53592783be2003d6
Atp5j2,F2,YT-FF,113.12435046791416,Fig. 2b,C23,A23,C2,6.8344628389928896,20,1,easyviz-expression-cell-0717f64c03c4df71
Atp5j2,F3,YT-FF,129.79476289659704,Fig. 2b,D23,A23,D2,7.0311609653632399,20,2,easyviz-expression-cell-f50e2d48e5c4da15
Atp5j2,A1,YT-AKO,240.73558501569971,Fig. 2b,E23,A23,E2,7.9172860523975848,20,3,easyviz-expression-cell-19313bb60928a5a7
Atp5j2,A2,YT-AKO,489.34543532175439,Fig. 2b,F23,A23,F2,8.9376546374607102,20,4,easyviz-expression-cell-ed0ad7297aa43f63
Atp5j2,A3,YT-AKO,241.31447650143866,Fig. 2b,G23,A23,G2,7.9207367875188126,20,5,easyviz-expression-cell-4f886fa179726d5b
Ndufb10,F1,YT-FF,388.40879593100334,Fig. 2b,B24,A24,B2,8.6051416616673411,21,0,easyviz-expression-cell-d31cfd64381b96c6
Ndufb10,F2,YT-FF,351.79366995451358,Fig. 2b,C24,A24,C2,8.4626808651623335,21,1,easyviz-expression-cell-7a95880f2aa9d9d5
Ndufb10,F3,YT-FF,461.37649321501328,Fig. 2b,D24,A24,D2,8.8529242442219491,21,2,easyviz-expression-cell-755f38874744f41a
Ndufb10,A1,YT-AKO,712.21847774516061,Fig. 2b,E24,A24,E2,9.4782002699193324,21,3,easyviz-expression-cell-bb41edc8ad8392a8
Ndufb10,A2,YT-AKO,1312.3025434497886,Fig. 2b,F24,A24,F2,10.358983590577147,21,4,easyviz-expression-cell-cc157290ce1c08d1
Ndufb10,A3,YT-AKO,817.34975855108667,Fig. 2b,G24,A24,G2,9.6765737653147745,21,5,easyviz-expression-cell-cdf3267d4a8e1dec
Atp5k,F1,YT-FF,127.61518382847187,Fig. 2b,B25,A25,B2,7.0069171616858297,22,0,easyviz-expression-cell-c2080d422e404151
Atp5k,F2,YT-FF,90.364758081000389,Fig. 2b,C25,A25,C2,6.5135658800136556,22,1,easyviz-expression-cell-db5ec28a5a4eccd3
Atp5k,F3,YT-FF,172.90130226248084,Fig. 2b,D25,A25,D2,7.4421249261028848,22,2,easyviz-expression-cell-055c2b0208fd72b0
Atp5k,A1,YT-AKO,382.91648209969986,Fig. 2b,E25,A25,E2,8.5846486883108941,22,3,easyviz-expression-cell-323972fa997d905d
Atp5k,A2,YT-AKO,723.89178023298734,Fig. 2b,F25,A25,F2,9.5016218196955773,22,4,easyviz-expression-cell-0833c4f7b4d900aa
Atp5k,A3,YT-AKO,401.32786721807287,Fig. 2b,G25,A25,G2,8.6522278593935606,22,5,easyviz-expression-cell-8ca8503014800a24
Cox4i1,F1,YT-FF,715.19584912099208,Fig. 2b,B26,A26,B2,9.484210346983966,23,0,easyviz-expression-cell-b292ded6e41e1448
Cox4i1,F2,YT-FF,734.92138950677918,Fig. 2b,C26,A26,C2,9.5234078568372471,23,1,easyviz-expression-cell-fbc1589b150e2c7a
Cox4i1,F3,YT-FF,844.71856768934674,Fig. 2b,D26,A26,D2,9.7240338430161106,23,2,easyviz-expression-cell-b539601a453cde37
Cox4i1,A1,YT-AKO,1502.7538782864567,Fig. 2b,E26,A26,E2,10.554352742879681,23,3,easyviz-expression-cell-28583c78f67a4dc4
Cox4i1,A2,YT-AKO,2456.9113806158521,Fig. 2b,F26,A26,F2,11.263217185299096,23,4,easyviz-expression-cell-3c2fae66de203843
Cox4i1,A3,YT-AKO,1598.010918022934,Fig. 2b,G26,A26,G2,10.642964074214396,23,5,easyviz-expression-cell-9c1340eabe31faa4
Ndufa12,F1,YT-FF,15.23060925199678,Fig. 2b,B27,A27,B2,4.0206452505549626,24,0,easyviz-expression-cell-ab627b3090476646
Ndufa12,F2,YT-FF,16.018010512848353,Fig. 2b,C27,A27,C2,4.0889904837906448,24,1,easyviz-expression-cell-918e314b01108857
Ndufa12,F3,YT-FF,16.786482717214145,Fig. 2b,D27,A27,D2,4.1527093402800519,24,2,easyviz-expression-cell-3a836787c5ccf1ae
Ndufa12,A1,YT-AKO,32.838659185149247,Fig. 2b,E27,A27,E2,5.0806004994782255,24,3,easyviz-expression-cell-820974a98d9c6594
Ndufa12,A2,YT-AKO,43.987982962625388,Fig. 2b,F27,A27,F2,5.4914677799850073,24,4,easyviz-expression-cell-28a21dfc868a4bec
Ndufa12,A3,YT-AKO,32.746707804201591,Fig. 2b,G27,A27,G2,5.076674860273874,24,5,easyviz-expression-cell-78cfeb853e7d89a3
Ndufa13,F1,YT-FF,41.668757241385691,Fig. 2b,B28,A28,B2,5.4151081864950603,25,0,easyviz-expression-cell-5142e584fc1dbb66
Ndufa13,F2,YT-FF,37.992295051350546,Fig. 2b,C28,A28,C2,5.2851171678521274,25,1,easyviz-expression-cell-a34564c78a505aab
Ndufa13,F3,YT-FF,50.143877327803644,Fig. 2b,D28,A28,D2,5.6764896334401307,25,2,easyviz-expression-cell-0d849d363549d38b
Ndufa13,A1,YT-AKO,96.688700558818013,Fig. 2b,E28,A28,E2,6.6101197933091713,25,3,easyviz-expression-cell-65a7e36acf52950a
Ndufa13,A2,YT-AKO,186.91483430176817,Fig. 2b,F28,A28,F2,7.553935149714408,25,4,easyviz-expression-cell-56b62503c8cc1305
Ndufa13,A3,YT-AKO,104.51506617324202,Fig. 2b,G28,A28,G2,6.7213052014232675,25,5,easyviz-expression-cell-4c259fddf5d99ea0
Cox7a1,F1,YT-FF,24.230112186337024,Fig. 2b,B29,A29,B2,4.6570747161961155,26,0,easyviz-expression-cell-2c23037f56dbf1c4
Cox7a1,F2,YT-FF,11.233871007115894,Fig. 2b,C29,A29,C2,3.612809064503383,26,1,easyviz-expression-cell-1573cb4f27842dbc
Cox7a1,F3,YT-FF,36.085104507815771,Fig. 2b,D29,A29,D2,5.2127679294999396,26,2,easyviz-expression-cell-7be410d3d1001945
Cox7a1,A1,YT-AKO,147.1819535377582,Fig. 2b,E29,A29,E2,7.2112259483031034,26,3,easyviz-expression-cell-a6ad9cf336d805bb
Cox7a1,A2,YT-AKO,279.98348533711061,Fig. 2b,F29,A29,F2,8.1343415290379788,26,4,easyviz-expression-cell-a83b4102ab43329f
Cox7a1,A3,YT-AKO,185.41146954499075,Fig. 2b,G29,A29,G2,7.5423468187938196,26,5,easyviz-expression-cell-05ffbdd804850e86
Cox6a1,F1,YT-FF,694.8674945107332,Fig. 2b,B30,A30,B2,9.442668807326168,27,0,easyviz-expression-cell-5673e2465d627138
Cox6a1,F2,YT-FF,701.17302922017939,Fig. 2b,C30,A30,C2,9.4556827724964219,27,1,easyviz-expression-cell-e3d71d19c9e4d20f
Cox6a1,F3,YT-FF,860.25507228077242,Fig. 2b,D30,A30,D2,9.7502967642334735,27,2,easyviz-expression-cell-70c718e8272b0717
Cox6a1,A1,YT-AKO,1839.7999207299972,Fig. 2b,E30,A30,E2,10.846117111210237,27,3,easyviz-expression-cell-b9645d252e7f569b
Cox6a1,A2,YT-AKO,2459.6175239818272,Fig. 2b,F30,A30,F2,11.264804708757309,27,4,easyviz-expression-cell-b9ceec9f02e8c383
Cox6a1,A3,YT-AKO,1809.6066077294756,Fig. 2b,G30,A30,G2,10.822257409233503,27,5,easyviz-expression-cell-846f462913e30b56
Atp5o,F1,YT-FF,0,Fig. 2b,B31,A31,B2,0,28,0,easyviz-expression-cell-1a0f13d948932a88
Atp5o,F2,YT-FF,0,Fig. 2b,C31,A31,C2,0,28,1,easyviz-expression-cell-3d1f8a49b184da8c
Atp5o,F3,YT-FF,0,Fig. 2b,D31,A31,D2,0,28,2,easyviz-expression-cell-d8ae0e61a331d52c
Atp5o,A1,YT-AKO,0,Fig. 2b,E31,A31,E2,0,28,3,easyviz-expression-cell-c9c5eb1885770bb0
Atp5o,A2,YT-AKO,0,Fig. 2b,F31,A31,F2,0,28,4,easyviz-expression-cell-564f3e8204424156
Atp5o,A3,YT-AKO,0,Fig. 2b,G31,A31,G2,0,28,5,easyviz-expression-cell-10fdee88618812ef
