participant_id,infection_group,timepoint,igg_bau_ml,source_infection_status,source_sheet,source_row,source_cell
NatCom_2024_001,Prior infection,Before,3356.73,yes,figure 2,4,C4
NatCom_2024_001,Prior infection,After,3707.74,yes,figure 2,4,D4
NatCom_2024_002,Prior infection,Before,2409.27,yes,figure 2,5,C5
NatCom_2024_002,Prior infection,After,7033.67,yes,figure 2,5,D5
NatCom_2024_003,Prior infection,Before,1242.74,yes,figure 2,6,C6
NatCom_2024_003,Prior infection,After,8091.13,yes,figure 2,6,D6
NatCom_2024_004,No prior infection,Before,403.06,no,figure 2,7,C7
NatCom_2024_004,No prior infection,After,5240.4399999999996,no,figure 2,7,D7
NatCom_2024_005,No prior infection,Before,388.75,no,figure 2,8,C8
NatCom_2024_005,No prior infection,After,2117.2600000000002,no,figure 2,8,D8
NatCom_2024_006,No prior infection,Before,408.59,no,figure 2,9,C9
NatCom_2024_006,No prior infection,After,2180.5700000000002,no,figure 2,9,D9
NatCom_2024_007,Prior infection,Before,2303.8000000000002,yes,figure 2,10,C10
NatCom_2024_007,Prior infection,After,8151.68,yes,figure 2,10,D10
NatCom_2024_008,Prior infection,Before,1543.49,yes,figure 2,11,C11
NatCom_2024_008,Prior infection,After,2936.46,yes,figure 2,11,D11
NatCom_2024_009,Prior infection,Before,438.01,yes,figure 2,12,C12
NatCom_2024_009,Prior infection,After,7417.61,yes,figure 2,12,D12
NatCom_2024_010,No prior infection,Before,757.39,no,figure 2,13,C13
NatCom_2024_010,No prior infection,After,4198.8599999999997,no,figure 2,13,D13
NatCom_2024_011,Prior infection,Before,1244.25,yes,figure 2,14,C14
NatCom_2024_011,Prior infection,After,5936.09,yes,figure 2,14,D14
NatCom_2024_012,Prior infection,Before,1504.15,yes,figure 2,15,C15
NatCom_2024_012,Prior infection,After,13738.01,yes,figure 2,15,D15
NatCom_2024_013,No prior infection,Before,1104.48,no,figure 2,16,C16
NatCom_2024_013,No prior infection,After,7668.07,no,figure 2,16,D16
NatCom_2024_014,No prior infection,Before,140.33000000000001,no,figure 2,17,C17
NatCom_2024_014,No prior infection,After,2606.58,no,figure 2,17,D17
NatCom_2024_015,Prior infection,Before,894.42,yes,figure 2,18,C18
NatCom_2024_015,Prior infection,After,13434.48,yes,figure 2,18,D18
NatCom_2024_016,Prior infection,Before,1584.69,yes,figure 2,19,C19
NatCom_2024_016,Prior infection,After,9162.84,yes,figure 2,19,D19
NatCom_2024_017,Prior infection,Before,2659.52,yes,figure 2,20,C20
NatCom_2024_017,Prior infection,After,21898.09,yes,figure 2,20,D20
NatCom_2024_018,No prior infection,Before,171.88,no,figure 2,21,C21
NatCom_2024_018,No prior infection,After,5099.8100000000004,no,figure 2,21,D21
NatCom_2024_019,No prior infection,Before,4373.12,no,figure 2,22,C22
NatCom_2024_019,No prior infection,After,14242.93,no,figure 2,22,D22
NatCom_2024_020,No prior infection,Before,1154.3,no,figure 2,23,C23
NatCom_2024_020,No prior infection,After,8896.74,no,figure 2,23,D23
NatCom_2024_021,Prior infection,Before,260.92,yes,figure 2,24,C24
NatCom_2024_021,Prior infection,After,15197.48,yes,figure 2,24,D24
NatCom_2024_022,No prior infection,Before,146.05000000000001,no,figure 2,25,C25
NatCom_2024_022,No prior infection,After,1193.4000000000001,no,figure 2,25,D25
NatCom_2024_023,No prior infection,Before,1449.77,no,figure 2,26,C26
NatCom_2024_023,No prior infection,After,2986.94,no,figure 2,26,D26
NatCom_2024_024,Prior infection,Before,2734.32,yes,figure 2,27,C27
NatCom_2024_024,Prior infection,After,6898.79,yes,figure 2,27,D27
NatCom_2024_025,No prior infection,Before,686.98,no,figure 2,28,C28
NatCom_2024_025,No prior infection,After,6387.77,no,figure 2,28,D28
NatCom_2024_026,Prior infection,Before,2237.31,yes,figure 2,29,C29
NatCom_2024_026,Prior infection,After,12527.47,yes,figure 2,29,D29
NatCom_2024_027,No prior infection,Before,464.56,no,figure 2,30,C30
NatCom_2024_027,No prior infection,After,3038.05,no,figure 2,30,D30
NatCom_2024_028,No prior infection,Before,4154.79,no,figure 2,31,C31
NatCom_2024_028,No prior infection,After,15720.55,no,figure 2,31,D31
NatCom_2024_029,No prior infection,Before,169.65,no,figure 2,32,C32
NatCom_2024_029,No prior infection,After,2132.6,no,figure 2,32,D32
NatCom_2024_030,Prior infection,Before,453.11,yes,figure 2,33,C33
NatCom_2024_030,Prior infection,After,3848.25,yes,figure 2,33,D33
NatCom_2024_031,Prior infection,Before,1606.58,yes/NCAP+,figure 2,34,C34
NatCom_2024_031,Prior infection,After,5454.77,yes/NCAP+,figure 2,34,D34
NatCom_2024_032,Prior infection,Before,665.67,yes,figure 2,35,C35
NatCom_2024_032,Prior infection,After,5161.2299999999996,yes,figure 2,35,D35
NatCom_2024_033,No prior infection,Before,144.53,no,figure 2,36,C36
NatCom_2024_033,No prior infection,After,1592.96,no,figure 2,36,D36
NatCom_2024_034,No prior infection,Before,778.23,no,figure 2,37,C37
NatCom_2024_034,No prior infection,After,7000,no,figure 2,37,D37
NatCom_2024_035,No prior infection,Before,801.01,no,figure 2,38,C38
NatCom_2024_035,No prior infection,After,1761.58,no,figure 2,38,D38
NatCom_2024_036,Prior infection,Before,560.79,yes,figure 2,39,C39
NatCom_2024_036,Prior infection,After,6972.75,yes,figure 2,39,D39
NatCom_2024_037,Prior infection,Before,1821.11,yes,figure 2,40,C40
NatCom_2024_037,Prior infection,After,8920.58,yes,figure 2,40,D40
NatCom_2024_038,Prior infection,Before,527.46,yes,figure 2,41,C41
NatCom_2024_038,Prior infection,After,3379.26,yes,figure 2,41,D41
NatCom_2024_039,No prior infection,Before,307.89,no,figure 2,42,C42
NatCom_2024_039,No prior infection,After,7169.69,no,figure 2,42,D42
NatCom_2024_040,No prior infection,Before,2514.91,no,figure 2,43,C43
NatCom_2024_040,No prior infection,After,5407.33,no,figure 2,43,D43
NatCom_2024_041,No prior infection,Before,718.21,no,figure 2,44,C44
NatCom_2024_041,No prior infection,After,4806.76,no,figure 2,44,D44
NatCom_2024_042,Prior infection,Before,91.76,yes,figure 2,45,C45
NatCom_2024_042,Prior infection,After,6281.3,yes,figure 2,45,D45
NatCom_2024_043,Prior infection,Before,722.11,yes,figure 2,46,C46
NatCom_2024_043,Prior infection,After,3453.2,yes,figure 2,46,D46
NatCom_2024_044,No prior infection,Before,465.2,no,figure 2,47,C47
NatCom_2024_044,No prior infection,After,4747.84,no,figure 2,47,D47
NatCom_2024_045,No prior infection,Before,116.19,no,figure 2,48,C48
NatCom_2024_045,No prior infection,After,3944.71,no,figure 2,48,D48
NatCom_2024_046,No prior infection,Before,100.14,no,figure 2,49,C49
NatCom_2024_046,No prior infection,After,1736.09,no,figure 2,49,D49
NatCom_2024_047,No prior infection,Before,1864.22,no,figure 2,50,C50
NatCom_2024_047,No prior infection,After,8437.66,no,figure 2,50,D50
NatCom_2024_048,Prior infection,Before,1232.3399999999999,yes,figure 2,51,C51
NatCom_2024_048,Prior infection,After,6808.83,yes,figure 2,51,D51
NatCom_2024_049,No prior infection,Before,177.65,no,figure 2,52,C52
NatCom_2024_049,No prior infection,After,4933.93,no,figure 2,52,D52
NatCom_2024_050,Prior infection,Before,1096.42,yes,figure 2,53,C53
NatCom_2024_050,Prior infection,After,12149.94,yes,figure 2,53,D53
NatCom_2024_051,No prior infection,Before,140.21,no,figure 2,54,C54
NatCom_2024_051,No prior infection,After,2692.93,no,figure 2,54,D54
NatCom_2024_052,Prior infection,Before,1404.67,yes,figure 2,55,C55
NatCom_2024_052,Prior infection,After,10350.290000000001,yes,figure 2,55,D55
NatCom_2024_053,No prior infection,Before,208,no,figure 2,56,C56
NatCom_2024_053,No prior infection,After,2944.47,no,figure 2,56,D56
NatCom_2024_054,Prior infection,Before,4089.54,yes,figure 2,57,C57
NatCom_2024_054,Prior infection,After,5805.53,yes,figure 2,57,D57
NatCom_2024_055,No prior infection,Before,224.36,no,figure 2,58,C58
NatCom_2024_055,No prior infection,After,3626.96,no,figure 2,58,D58
NatCom_2024_056,Prior infection,Before,3728.63,yes,figure 2,59,C59
NatCom_2024_056,Prior infection,After,13908.43,yes,figure 2,59,D59
NatCom_2024_057,No prior infection,Before,1250.06,no,figure 2,60,C60
NatCom_2024_057,No prior infection,After,6449.82,no,figure 2,60,D60
NatCom_2024_058,Prior infection,Before,1317.26,yes,figure 2,61,C61
NatCom_2024_058,Prior infection,After,6573.9,yes,figure 2,61,D61
NatCom_2024_059,Prior infection,Before,2275.9,yes,figure 2,62,C62
NatCom_2024_059,Prior infection,After,4309.12,yes,figure 2,62,D62
NatCom_2024_060,No prior infection,Before,81.790000000000006,no,figure 2,63,C63
NatCom_2024_060,No prior infection,After,2521.3000000000002,no,figure 2,63,D63
NatCom_2024_061,No prior infection,Before,389.05,no,figure 2,64,C64
NatCom_2024_061,No prior infection,After,2911.08,no,figure 2,64,D64
NatCom_2024_062,No prior infection,Before,3298.25,no,figure 2,65,C65
NatCom_2024_062,No prior infection,After,14900.95,no,figure 2,65,D65
NatCom_2024_063,No prior infection,Before,764.41,no,figure 2,66,C66
NatCom_2024_063,No prior infection,After,25006.04,no,figure 2,66,D66
NatCom_2024_064,No prior infection,Before,162.78,no,figure 2,67,C67
NatCom_2024_064,No prior infection,After,2350.41,no,figure 2,67,D67
NatCom_2024_065,No prior infection,Before,993.62,no,figure 2,68,C68
NatCom_2024_065,No prior infection,After,5786.38,no,figure 2,68,D68
NatCom_2024_066,Prior infection,Before,357.18,yes,figure 2,69,C69
NatCom_2024_066,Prior infection,After,2481.75,yes,figure 2,69,D69
NatCom_2024_067,No prior infection,Before,667.09,no,figure 2,70,C70
NatCom_2024_067,No prior infection,After,6839.88,no,figure 2,70,D70
NatCom_2024_068,No prior infection,Before,837.62,no,figure 2,71,C71
NatCom_2024_068,No prior infection,After,7938.42,no,figure 2,71,D71
NatCom_2024_069,Prior infection,Before,2170.23,yes,figure 2,72,C72
NatCom_2024_069,Prior infection,After,10371.950000000001,yes,figure 2,72,D72
NatCom_2024_070,Prior infection,Before,1959.14,yes,figure 2,73,C73
NatCom_2024_070,Prior infection,After,8325.51,yes,figure 2,73,D73
NatCom_2024_071,Prior infection,Before,3534.57,yes,figure 2,74,C74
NatCom_2024_071,Prior infection,After,11069.01,yes,figure 2,74,D74
NatCom_2024_072,No prior infection,Before,865.63,no,figure 2,75,C75
NatCom_2024_072,No prior infection,After,8124.23,no,figure 2,75,D75
NatCom_2024_073,No prior infection,Before,879.51,no,figure 2,76,C76
NatCom_2024_073,No prior infection,After,4000.91,no,figure 2,76,D76
NatCom_2024_074,No prior infection,Before,124.75,no,figure 2,77,C77
NatCom_2024_074,No prior infection,After,4037.96,no,figure 2,77,D77
NatCom_2024_075,Prior infection,Before,2038.52,yes,figure 2,78,C78
NatCom_2024_075,Prior infection,After,2850.81,yes,figure 2,78,D78
NatCom_2024_076,Prior infection,Before,305.94,yes,figure 2,79,C79
NatCom_2024_076,Prior infection,After,2854.14,yes,figure 2,79,D79
NatCom_2024_077,No prior infection,Before,327.17,no,figure 2,80,C80
NatCom_2024_077,No prior infection,After,5384.09,no,figure 2,80,D80
NatCom_2024_078,No prior infection,Before,1023.68,no,figure 2,81,C81
NatCom_2024_078,No prior infection,After,5139.12,no,figure 2,81,D81
NatCom_2024_079,Prior infection,Before,4059.53,yes,figure 2,82,C82
NatCom_2024_079,Prior infection,After,17040.09,yes,figure 2,82,D82
NatCom_2024_080,Prior infection,Before,928.05,yes,figure 2,83,C83
NatCom_2024_080,Prior infection,After,5010.21,yes,figure 2,83,D83
NatCom_2024_081,Prior infection,Before,420.54,yes,figure 2,84,C84
NatCom_2024_081,Prior infection,After,4003.85,yes,figure 2,84,D84
NatCom_2024_082,No prior infection,Before,287.57,no,figure 2,85,C85
NatCom_2024_082,No prior infection,After,9130.27,no,figure 2,85,D85
NatCom_2024_083,Prior infection,Before,3628.63,yes,figure 2,86,C86
NatCom_2024_083,Prior infection,After,10677.12,yes,figure 2,86,D86
NatCom_2024_084,No prior infection,Before,369.09,no,figure 2,87,C87
NatCom_2024_084,No prior infection,After,12630.45,no,figure 2,87,D87
NatCom_2024_085,Prior infection,Before,688.07,yes,figure 2,88,C88
NatCom_2024_085,Prior infection,After,3864.67,yes,figure 2,88,D88
NatCom_2024_086,No prior infection,Before,368.54,no,figure 2,89,C89
NatCom_2024_086,No prior infection,After,6405.38,no,figure 2,89,D89
NatCom_2024_087,No prior infection,Before,288.58,no,figure 2,90,C90
NatCom_2024_087,No prior infection,After,7694.53,no,figure 2,90,D90
NatCom_2024_088,No prior infection,Before,531.79999999999995,no,figure 2,91,C91
NatCom_2024_088,No prior infection,After,4656.57,no,figure 2,91,D91
NatCom_2024_089,No prior infection,Before,79.88,no,figure 2,92,C92
NatCom_2024_089,No prior infection,After,14487.44,no,figure 2,92,D92
NatCom_2024_090,No prior infection,Before,1757.7,no,figure 2,93,C93
NatCom_2024_090,No prior infection,After,19421.810000000001,no,figure 2,93,D93
NatCom_2024_091,Prior infection,Before,3397.55,yes/NCAP+,figure 2,94,C94
NatCom_2024_091,Prior infection,After,12430.13,yes/NCAP+,figure 2,94,D94
NatCom_2024_092,No prior infection,Before,178.95,no,figure 2,95,C95
NatCom_2024_092,No prior infection,After,6860.93,no,figure 2,95,D95
NatCom_2024_093,No prior infection,Before,136.66,no,figure 2,96,C96
NatCom_2024_093,No prior infection,After,9782.01,no,figure 2,96,D96
NatCom_2024_094,No prior infection,Before,824.86,no,figure 2,97,C97
NatCom_2024_094,No prior infection,After,9223.99,no,figure 2,97,D97
NatCom_2024_095,No prior infection,Before,3590.53,no,figure 2,98,C98
NatCom_2024_095,No prior infection,After,33036.339999999997,no,figure 2,98,D98
NatCom_2024_096,Prior infection,Before,250.34,yes,figure 2,99,C99
NatCom_2024_096,Prior infection,After,7670.81,yes,figure 2,99,D99
NatCom_2024_097,Prior infection,Before,3958.85,yes,figure 2,100,C100
NatCom_2024_097,Prior infection,After,9541.9500000000007,yes,figure 2,100,D100
NatCom_2024_098,Prior infection,Before,2549.44,yes,figure 2,101,C101
NatCom_2024_098,Prior infection,After,5539.32,yes,figure 2,101,D101
NatCom_2024_099,Prior infection,Before,3835.19,yes,figure 2,102,C102
NatCom_2024_099,Prior infection,After,17966.21,yes,figure 2,102,D102
NatCom_2024_100,Prior infection,Before,225.48,yes,figure 2,103,C103
NatCom_2024_100,Prior infection,After,7723.05,yes,figure 2,103,D103
NatCom_2024_101,Prior infection,Before,1274.76,yes,figure 2,104,C104
NatCom_2024_101,Prior infection,After,7787.34,yes,figure 2,104,D104
NatCom_2024_102,Prior infection,Before,2784.58,yes/NCAP+,figure 2,105,C105
NatCom_2024_102,Prior infection,After,8307.44,yes/NCAP+,figure 2,105,D105
NatCom_2024_103,No prior infection,Before,60.42,no,figure 2,106,C106
NatCom_2024_103,No prior infection,After,2455.37,no,figure 2,106,D106
NatCom_2024_104,Prior infection,Before,584.98,yes,figure 2,107,C107
NatCom_2024_104,Prior infection,After,4099.33,yes,figure 2,107,D107
NatCom_2024_105,Prior infection,Before,1165.42,yes,figure 2,108,C108
NatCom_2024_105,Prior infection,After,6669.66,yes,figure 2,108,D108
NatCom_2024_106,Prior infection,Before,2102.81,yes,figure 2,109,C109
NatCom_2024_106,Prior infection,After,8686.18,yes,figure 2,109,D109
NatCom_2024_107,Prior infection,Before,2685.1,yes,figure 2,110,C110
NatCom_2024_107,Prior infection,After,12534.33,yes,figure 2,110,D110
NatCom_2024_108,No prior infection,Before,114.76,no,figure 2,111,C111
NatCom_2024_108,No prior infection,After,941.4,no,figure 2,111,D111
NatCom_2024_109,No prior infection,Before,673.25,no,figure 2,112,C112
NatCom_2024_109,No prior infection,After,6819.21,no,figure 2,112,D112
NatCom_2024_110,Prior infection,Before,2904.35,yes,figure 2,113,C113
NatCom_2024_110,Prior infection,After,6640.94,yes,figure 2,113,D113
NatCom_2024_111,Prior infection,Before,3967.49,yes,figure 2,114,C114
NatCom_2024_111,Prior infection,After,11264.16,yes,figure 2,114,D114
NatCom_2024_112,No prior infection,Before,1192.4100000000001,no,figure 2,115,C115
NatCom_2024_112,No prior infection,After,3439.79,no,figure 2,115,D115
NatCom_2024_113,Prior infection,Before,2298.04,yes,figure 2,116,C116
NatCom_2024_113,Prior infection,After,17813.41,yes,figure 2,116,D116
NatCom_2024_114,Prior infection,Before,2955.75,yes,figure 2,117,C117
NatCom_2024_114,Prior infection,After,11775.3,yes,figure 2,117,D117
NatCom_2024_115,Prior infection,Before,2271.92,yes,figure 2,118,C118
NatCom_2024_115,Prior infection,After,9445.33,yes,figure 2,118,D118
NatCom_2024_116,Prior infection,Before,1204.67,yes/NCAP+,figure 2,119,C119
NatCom_2024_116,Prior infection,After,5419.18,yes/NCAP+,figure 2,119,D119
NatCom_2024_117,Prior infection,Before,821.83,yes,figure 2,120,C120
NatCom_2024_117,Prior infection,After,6999.23,yes,figure 2,120,D120
NatCom_2024_118,No prior infection,Before,1183.72,no,figure 2,121,C121
NatCom_2024_118,No prior infection,After,4118.3999999999996,no,figure 2,121,D121
NatCom_2024_119,Prior infection,Before,2780.58,yes,figure 2,122,C122
NatCom_2024_119,Prior infection,After,7225.6,yes,figure 2,122,D122
NatCom_2024_120,Prior infection,Before,1969.52,yes,figure 2,123,C123
NatCom_2024_120,Prior infection,After,10770.36,yes,figure 2,123,D123
NatCom_2024_121,Prior infection,Before,793.87,yes,figure 2,124,C124
NatCom_2024_121,Prior infection,After,12237.56,yes,figure 2,124,D124
NatCom_2024_122,No prior infection,Before,958.75,no,figure 2,125,C125
NatCom_2024_122,No prior infection,After,2586.75,no,figure 2,125,D125
NatCom_2024_123,No prior infection,Before,415.64,no,figure 2,126,C126
NatCom_2024_123,No prior infection,After,5045.45,no,figure 2,126,D126
NatCom_2024_124,No prior infection,Before,993.82,no,figure 2,127,C127
NatCom_2024_124,No prior infection,After,4050.2,no,figure 2,127,D127
NatCom_2024_125,Prior infection,Before,4675.0600000000004,yes,figure 2,128,C128
NatCom_2024_125,Prior infection,After,6528.12,yes,figure 2,128,D128
NatCom_2024_126,No prior infection,Before,675.51,no,figure 2,129,C129
NatCom_2024_126,No prior infection,After,3431.76,no,figure 2,129,D129
NatCom_2024_127,Prior infection,Before,2675.6,yes,figure 2,130,C130
NatCom_2024_127,Prior infection,After,4978.25,yes,figure 2,130,D130
