source_row,source_id,cohort,bmi,participant_key,_easyviz_jitter_position,_easyviz_point_offset_pt
2,1,Kerr,20.003,Kerr:1,2.0,0.0
3,2,Kerr,53.0,Kerr:2,2.0,0.0
4,3,Kerr,48.6,Kerr:3,2.0,0.0
5,4,Kerr,44.1,Kerr:4,1.993568127056525,-0.5493716507749966
6,5,Kerr,37.6,Kerr:5,1.9629295675418095,-3.1663319306018765
7,6,Kerr,26.786,Kerr:6,2.0303194907800344,2.5897073600283997
8,7,Kerr,21.862,Kerr:7,2.0,0.0
9,8,Kerr,54.9,Kerr:8,2.0,0.0
10,9,Kerr,37.9,Kerr:9,1.9279135320236849,-6.1571897111032
11,10,Kerr,37.4,Kerr:10,2.0,0.0
12,11,Kerr,37.7,Kerr:11,2.0350160355181246,2.9908577805013103
13,12,Kerr,44.2,Kerr:12,2.0318182707709695,2.7177240738231117
14,13,Kerr,38.9,Kerr:13,2.0370704324581905,3.166331930601885
15,14,Kerr,24.239,Kerr:14,2.097280105146394,8.309077685692865
16,15,Kerr,45.3,Kerr:15,2.031918503042649,2.7262853077027773
17,16,Kerr,43.8,Kerr:16,1.9267338207674305,-6.257953505099431
18,17,Kerr,38.7,Kerr:17,2.0,0.0
19,18,Kerr,31.697,Kerr:18,2.027318228814504,2.333357731405192
20,19,Kerr,27.475,Kerr:19,2.0,0.0
21,20,Kerr,43.4,Kerr:20,2.0,0.0
22,21,Kerr,43.9,Kerr:21,2.1088040235253076,9.29338103230089
23,22,Kerr,39.5,Kerr:22,2.0,0.0
24,23,Kerr,34.207,Kerr:23,2.0373585069789666,3.19093751227548
25,24,Kerr,28.04,Kerr:24,2.023391981432608,1.9980014480178445
26,25,Kerr,43.4,Kerr:25,2.0386353767682137,3.3
27,26,Kerr,41.3,Kerr:26,1.93101106449916,-5.892617238304682
28,27,Kerr,22.534,Kerr:27,1.973820655508573,-2.2360811268905696
29,28,Kerr,21.981,Kerr:28,2.0380887003355497,3.2533062084882944
30,29,Kerr,45.6,Kerr:29,1.8960730605357574,-8.876810035774332
31,30,Kerr,26.346,Kerr:30,2.0,0.0
32,31,Kerr,24.007,Kerr:31,2.006886195769668,0.5881771562947691
33,32,Kerr,26.754,Kerr:32,1.9683828335263664,-2.7005469621518365
34,33,Kerr,45.9,Kerr:33,2.1019505740788986,8.708000868705412
35,34,Kerr,49.96,Kerr:34,2.0,0.0
36,35,Kerr,45.9,Kerr:35,1.8610570250176326,-11.867667816275656
37,36,Kerr,45.4,Kerr:36,1.9725733479646468,-2.3426185865781113
38,37,Kerr,34.8,Kerr:37,2.0,0.0
39,38,Kerr,42.1,Kerr:38,2.06898893550084,5.892617238304673
40,39,Kerr,52.2,Kerr:39,2.0,0.0
41,40,Kerr,47.6,Kerr:40,2.0,0.0
42,41,Kerr,26.927,Kerr:41,2.0681851363518624,5.823961580886374
43,42,Kerr,43.8,Kerr:42,2.0705538798108627,6.026285307702777
44,43,Kerr,30.346,Kerr:43,2.0,0.0
45,44,Kerr,41.7,Kerr:44,2.0370704324581905,3.1663319306018765
46,45,Kerr,22.534,Kerr:45,2.012456032276787,1.06391887310943
47,46,Kerr,42.5,Kerr:46,2.0,0.0
48,47,Kerr,40.9,Kerr:47,2.0370704324581905,3.166331930601885
49,48,Kerr,40.1,Kerr:48,2.0206497932086696,1.7637803300697803
50,49,Kerr,31.195,Kerr:49,2.0,0.0
51,50,Kerr,44.9,Kerr:50,2.0,0.0
52,51,Kerr,23.451,Kerr:51,2.0371022185671883,3.169046907611733
53,52,Kerr,23.253,Kerr:52,2.0,0.0
54,53,Kerr,32.443,Kerr:53,2.0,0.0
55,54,Kerr,34.034,Kerr:54,1.961367076509521,-3.2997904558670994
56,55,Kerr,40.9,Kerr:55,1.9629295675418095,-3.166331930601885
57,56,Kerr,45.5,Kerr:56,1.934323204250202,-5.609714311176219
58,57,Kerr,35.513,Kerr:57,2.0032706973638543,0.2793631692909968
59,58,Kerr,35.208,Kerr:58,1.9683828335263664,-2.7005469621518365
60,59,Kerr,28.15,Kerr:59,1.9852232306413127,-1.2621421858059159
61,60,Kerr,34.026,Kerr:60,2.0,0.0
62,61,Kerr,46.1,Kerr:61,2.0370704324581905,3.1663319306018765
63,62,Kerr,45.9,Kerr:62,2.0,0.0
64,63,Kerr,41.3,Kerr:63,2.06898893550084,5.892617238304682
65,64,Kerr,45.6,Kerr:64,2.0669345385607736,5.717143088204088
66,65,Kerr,36.4,Kerr:65,2.0,0.0
67,66,Kerr,40.7,Kerr:66,2.0,0.0
68,67,Kerr,41.5,Kerr:67,2.0,0.0
69,68,Kerr,24.022,Kerr:68,1.9361452699986392,-5.454084485021926
70,69,Kerr,44.2,Kerr:69,1.8948153177247817,-8.98423881280219
71,70,Kerr,24.014,Kerr:70,2.0606365935645226,5.179210751933265
72,71,Kerr,23.729,Kerr:71,1.9713364269203308,-2.4482688943447863
73,72,Kerr,43.5,Kerr:72,1.9617498562855553,-3.267095724598108
74,73,Kerr,41.7,Kerr:73,1.962929567541809,-3.166331930601924
75,74,Kerr,37.9,Kerr:74,2.072086467976315,6.157189711103195
76,75,Kerr,34.5,Kerr:75,1.932220869679187,-5.789283003516699
77,76,Kerr,46.1,Kerr:76,1.9629295675418095,-3.1663319306018765
78,77,Kerr,35.6,Kerr:77,2.041614847310289,3.554488337148536
79,78,Krieg,39.31,Krieg:78,0.0,0.0
80,79,Krieg,42.97,Krieg:79,0.026875755051416723,2.295564301126291
81,80,Krieg,39.68,Krieg:80,0.03297287318036135,2.8163432221195235
82,81,Krieg,58.14,Krieg:81,0.0,0.0
83,82,Krieg,49.69,Krieg:82,0.0,0.0
84,83,Krieg,44.59,Krieg:83,0.021486283618572456,1.8352282770961459
85,84,Krieg,44.41,Krieg:84,-0.031540443449137416,-2.6939937458507157
86,85,Krieg,49.86,Krieg:85,0.0375112500365754,3.2039838996093843
87,86,Krieg,43.5,Krieg:86,-0.044807101214373736,-3.827151340972161
88,87,Krieg,33.61,Krieg:87,0.0,0.0
89,88,Krieg,48.1,Krieg:88,0.0,0.0
90,89,Krieg,53.59,Krieg:89,0.0,0.0
91,90,Krieg,57.28,Krieg:90,0.0,0.0
92,91,Krieg,48.79,Krieg:91,-0.009085107732283498,-0.7759949047837844
93,92,Krieg,43.24,Krieg:92,-0.008856176975601803,-0.756441025405775
94,93,Krieg,54.57,Krieg:93,0.0,0.0
95,94,Krieg,49.07,Krieg:94,0.026418140038421828,2.256477596939532
96,95,Krieg,44.0,Krieg:95,0.0,0.0
97,96,Krieg,45.72,Krieg:96,0.0,0.0
98,97,Krieg,47.21,Krieg:97,0.0,0.0
99,98,Krieg,42.46,Krieg:98,0.0,0.0
100,99,Krieg,54.0,Krieg:99,0.03154044344913765,2.693993745850736
101,100,Krieg,52.8,Krieg:100,0.0,0.0
316,315,Petrus,35.6,Petrus:315,1.0,0.0
317,316,Petrus,20.0,Petrus:316,1.0,0.0
318,317,Petrus,35.9,Petrus:317,1.0350160355181248,2.9908577805013237
319,318,Petrus,22.4,Petrus:318,1.0,0.0
320,319,Petrus,37.7,Petrus:319,1.0382501437144447,3.267095724598108
321,320,Petrus,23.0,Petrus:320,0.97935020679133,-1.763780330069803
322,321,Petrus,40.0,Petrus:321,1.0,0.0
323,322,Petrus,23.8,Petrus:322,1.0,0.0
324,323,Petrus,40.9,Petrus:323,1.0,0.0
325,324,Petrus,23.0,Petrus:324,1.02064979320867,1.763780330069803
326,325,Petrus,34.8,Petrus:325,1.0,0.0
327,326,Petrus,23.5,Petrus:326,0.9519235547559768,-4.106398916647929
328,327,Petrus,42.5,Petrus:327,1.0,0.0
329,328,Petrus,24.2,Petrus:328,1.0319185030426492,2.726285307702797
330,329,Petrus,44.2,Petrus:329,1.0386353767682135,3.3
331,330,Petrus,24.7,Petrus:330,1.0,0.0
332,331,Petrus,37.6,Petrus:331,1.0,0.0
333,332,Petrus,26.8,Petrus:332,1.0306385595147145,2.6169602798268
334,333,Petrus,43.4,Petrus:333,1.0,0.0
335,334,Petrus,25.9,Petrus:334,1.0,0.0
336,335,Petrus,44.2,Petrus:335,1.0,0.0
337,336,Petrus,27.5,Petrus:336,1.0,0.0
338,337,Petrus,41.5,Petrus:337,0.9793502067913303,-1.7637803300697803
339,338,Petrus,28.0,Petrus:338,1.0274266520353534,2.3426185865781393
340,339,Petrus,53.0,Petrus:339,1.0,0.0
341,340,Petrus,26.9,Petrus:340,0.9585520915383993,-3.540229431276411
342,341,Petrus,37.7,Petrus:341,0.9617498562855553,-3.267095724598108
343,342,Petrus,26.6,Petrus:342,0.9935681270565241,-0.5493716507750807
344,343,Petrus,38.7,Petrus:343,1.0,0.0
