Phase,Zone,Feature,Scaled readout,Note
Before,001, Feature 01 ,0.0,synthetic transfer
Before,001,ITEM-B,0.02564102564102564,synthetic transfer
Before,001,feature /3,0.05128205128205128,synthetic transfer
Before,001,null,0.07692307692307693,synthetic transfer
Before,001,Feature#5,0.10256410256410256,synthetic transfer
Before,NA, Feature 01 ,0.1282051282051282,synthetic transfer
Before,NA,ITEM-B,0.15384615384615385,synthetic transfer
Before,NA,feature /3,0.1794871794871795,synthetic transfer
Before,NA,null,0.20512820512820512,synthetic transfer
Before,NA,Feature#5,0.23076923076923078,synthetic transfer
Before,Zone / B, Feature 01 ,0.2564102564102564,synthetic transfer
Before,Zone / B,ITEM-B,0.28205128205128205,synthetic transfer
Before,Zone / B,feature /3,0.3076923076923077,synthetic transfer
Before,Zone / B,null,0.3333333333333333,synthetic transfer
Before,Zone / B,Feature#5,0.358974358974359,synthetic transfer
Before, outer , Feature 01 ,0.38461538461538464,synthetic transfer
Before, outer ,ITEM-B,0.41025641025641024,synthetic transfer
Before, outer ,feature /3,0.4358974358974359,synthetic transfer
Before, outer ,null,0.46153846153846156,synthetic transfer
Before, outer ,Feature#5,0.48717948717948717,synthetic transfer
After,001, Feature 01 ,0.5128205128205128,synthetic transfer
After,001,ITEM-B,0.5384615384615384,synthetic transfer
After,001,feature /3,0.5641025641025641,synthetic transfer
After,001,null,0.5897435897435898,synthetic transfer
After,001,Feature#5,0.6153846153846154,synthetic transfer
After,NA, Feature 01 ,0.6410256410256411,synthetic transfer
After,NA,ITEM-B,0.6666666666666666,synthetic transfer
After,NA,feature /3,0.6923076923076923,synthetic transfer
After,NA,null,0.717948717948718,synthetic transfer
After,NA,Feature#5,0.7435897435897436,synthetic transfer
After,Zone / B, Feature 01 ,0.7692307692307693,synthetic transfer
After,Zone / B,ITEM-B,0.7948717948717948,synthetic transfer
After,Zone / B,feature /3,0.8205128205128205,synthetic transfer
After,Zone / B,null,0.8461538461538461,synthetic transfer
After,Zone / B,Feature#5,0.8717948717948718,synthetic transfer
After, outer , Feature 01 ,0.8974358974358975,synthetic transfer
After, outer ,ITEM-B,0.9230769230769231,synthetic transfer
After, outer ,feature /3,0.9487179487179487,synthetic transfer
After, outer ,null,0.9743589743589743,synthetic transfer
After, outer ,Feature#5,1.0,synthetic transfer
