group,unit,response,_easyviz_jitter_position,_easyviz_point_offset_pt
A,A-1,6.246171260233631,0.0,0.0
A,A-2,7.173320679997763,0.0,0.0
A,A-3,10.845878303944676,0.0,0.0
A,A-4,9.0371498234832,-0.06332758202122478,-2.7027663500042802
A,A-5,7.602607520894122,-0.03351063520135073,-1.4302048854340261
A,A-6,5.223478417122117,0.0,0.0
A,A-7,9.83446130451454,0.0,0.0
A,A-8,7.6069067233989855,-0.10614191358276985,-4.530044937771719
A,A-9,8.930363222441818,0.07055785879116445,3.0113483001008596
A,A-10,9.28117079196016,0.0,0.0
A,A-11,7.85057207916166,0.08625419762203919,3.681254446148488
A,A-12,8.155004865551179,0.0,0.0
A,A-13,8.829873704558569,0.0,0.0
A,A-14,8.330480946716499,-0.06609757091968411,-2.820987076987542
A,A-15,6.66832663422238,0.00515866850968438,0.22016750385525008
A,A-16,7.533472504325759,0.03814873182333812,1.6281548320114052
B,B-1,9.22461448908029,1.0,0.0
B,B-2,11.267091162066984,1.0,0.0
B,B-3,7.709940965715622,1.0,0.0
B,B-4,9.8228239244491,1.0,0.0
B,B-5,14.272654674015564,1.0020118178861162,0.08586264486000772
B,B-6,13.117408691172042,1.05990675346158,2.5567683500010125
B,B-7,13.057863220557158,0.9342438330578742,-2.806416250929585
B,B-8,7.995638361013706,1.0535880938943938,2.2870934325282537
B,B-9,14.293339238447311,1.0745600423661952,3.182158028624956
B,B-10,7.7682286182765425,0.9280571277395,-3.070459475354135
B,B-11,13.606885006138327,1.0,0.0
B,B-12,14.59275030934093,0.9544943998837431,-1.942139598662533
B,B-13,12.878085138829372,1.0,0.0
B,B-14,8.705546649084136,1.0,0.0
B,B-15,12.405852119423615,1.0690295527104994,2.946121520307748
B,B-16,14.77854176239268,1.0197563608269937,0.8431843682875
B,B-17,10.300701426954248,0.9931851987487799,-0.2908498148183156
B,B-18,11.383438745809991,1.069836442884842,2.9805588940674324
B,B-19,13.944369682194829,0.956169621003613,-1.8706426122454078
B,B-20,10.454332504767844,0.9255047187685839,-3.1793940794849087
B,B-21,10.090642334868278,1.0562421035790965,2.4003642671228196
B,B-22,12.27416718549526,1.0,0.0
C,C-1,10.11810636067258,2.035028153056293,1.4949712330974168
C,C-2,12.101538405866863,1.9287387020656936,-3.0413704734521563
C,C-3,12.019616593298686,2.0,0.0
C,C-4,11.260950476226364,1.9657616356624248,-1.4612637346515172
C,C-5,10.933176663104083,2.0722143948410237,3.0820478239138556
C,C-6,13.65029560020094,1.9918000112658913,-0.34996841681931135
C,C-7,8.895673018836726,2.0788261016700917,3.3642297447032625
C,C-8,10.46196725194354,1.9926826704512142,-0.31229728729768635
C,C-9,11.374722428965152,2.0357229572252047,1.524624873227674
C,C-10,12.35040384007868,2.1238256073612902,5.2847696716538035
C,C-11,9.18669934438028,2.0,0.0
C,C-12,16.598909345973116,2.0,0.0
C,C-13,8.718236968391958,1.94499674688152,-2.3474912024837957
C,C-14,4.288526162471454,2.0,0.0
C,C-15,9.417587918005085,2.0608739873643422,2.5980490552092528
C,C-16,9.469657746107522,1.9459855530879167,-2.3052898100410997
C,C-17,8.671735422175841,2.0171920017271163,0.7337397430031696
C,C-18,12.95852305619257,2.0,0.0
C,C-19,13.321133232278584,2.037456520413746,1.5986118486032048
C,C-20,9.742736796307078,2.001477556731757,0.06306084153783642
C,C-21,7.38274237170768,2.0,0.0
C,C-22,6.783840292025469,2.0,0.0
C,C-23,15.20117775156301,2.0,0.0
C,C-24,7.716040569279317,2.044764011554746,1.9104892411780476
C,C-25,8.260537151866243,2.0,0.0
C,C-26,10.88769530329816,2.0,0.0
C,C-27,12.318681950955796,2.051394898359672,2.193489746724518
C,C-28,9.98315978166276,1.9417006099371745,-2.4881674723466873
