source_row,source_sheet,panel,effect,exposure,outcome,estimate,ci_low,ci_high,ci_level,effect_measure,null_value,effect_direction,n,mark_state
2,fig3,a,Total effect,Dense area,Overall breast cancer,1.38042804877816,1.00214071088489,1.9015110125312,0.95,odds ratio,1,ok,,filled
3,fig3,a,Total effect,Dense area,ER+ breast cancer,1.38075243932651,1.00091031326009,1.90474338554517,0.95,odds ratio,1,ok,,filled
4,fig3,a,Total effect,Dense area,ER- breast cancer,1.25236555751713,0.90748896347518,1.72830695774968,0.95,odds ratio,1,overlaps null,,hollow
5,fig3,a,Total effect,Dense area,Luminal A subtype,1.35314774414078,0.968776807421406,1.89002131703265,0.95,odds ratio,1,overlaps null,,hollow
6,fig3,a,Total effect,Dense area,Luminal B2 subtype,1.43974743316036,1.11474535831692,1.85950329896106,0.95,odds ratio,1,ok,,filled
7,fig3,a,Total effect,Dense area,Luminal B1 subtype,1.51351567897424,1.02301597769133,2.2391925057421,0.95,odds ratio,1,ok,,filled
8,fig3,a,Total effect,Dense area,HER2-enriched subtype,1.44078169466026,1.01869054580613,2.03776495248161,0.95,odds ratio,1,ok,,filled
9,fig3,a,Total effect,Dense area,Triple-negative subtype,1.15350537181904,0.82473021042258,1.6133453413009,0.95,odds ratio,1,overlaps null,,hollow
10,fig3,a,Total effect,Non-dense area,Overall breast cancer,0.754728647920833,0.441642997743691,1.28976420978599,0.95,odds ratio,1,overlaps null,,hollow
11,fig3,a,Total effect,Non-dense area,ER+ breast cancer,0.789831749325305,0.481508915627147,1.29558180959069,0.95,odds ratio,1,overlaps null,,hollow
12,fig3,a,Total effect,Non-dense area,ER- breast cancer,0.768298933252978,0.385098589630928,1.53281073141135,0.95,odds ratio,1,overlaps null,,hollow
13,fig3,a,Total effect,Non-dense area,Luminal A subtype,0.679042894104715,0.39476075981313,1.16804733138213,0.95,odds ratio,1,overlaps null,,hollow
14,fig3,a,Total effect,Non-dense area,Luminal B2 subtype,0.743388921746669,0.459199798709258,1.20345673175169,0.95,odds ratio,1,overlaps null,,hollow
15,fig3,a,Total effect,Non-dense area,Luminal B1 subtype,0.543603659225408,0.316802430139471,0.932773584448703,0.95,odds ratio,1,ok,,filled
16,fig3,a,Total effect,Non-dense area,HER2-enriched subtype,0.717172720728623,0.361799621778786,1.42160654792441,0.95,odds ratio,1,overlaps null,,hollow
17,fig3,a,Total effect,Non-dense area,Triple-negative subtype,0.680880365169269,0.342806200829613,1.35236197755787,0.95,odds ratio,1,overlaps null,,hollow
18,fig3,a,Total effect,Percent density,Overall breast cancer,1.36664836768399,0.865588076839459,2.15775587819207,0.95,odds ratio,1,overlaps null,,hollow
19,fig3,a,Total effect,Percent density,ER+ breast cancer,1.34725131692952,0.843951367327644,2.15069988773851,0.95,odds ratio,1,overlaps null,,hollow
20,fig3,a,Total effect,Percent density,ER- breast cancer,1.28806142015453,0.803373406176543,2.06516945835511,0.95,odds ratio,1,overlaps null,,hollow
21,fig3,a,Total effect,Percent density,Luminal A subtype,1.30340548158715,0.814267169210947,2.08637399820219,0.95,odds ratio,1,overlaps null,,hollow
22,fig3,a,Total effect,Percent density,Luminal B2 subtype,1.36437084452168,0.922141724289323,2.0186786394634,0.95,odds ratio,1,overlaps null,,hollow
23,fig3,a,Total effect,Percent density,Luminal B1 subtype,1.50975685797267,0.894710314926442,2.54760198040513,0.95,odds ratio,1,overlaps null,,hollow
24,fig3,a,Total effect,Percent density,HER2-enriched subtype,1.41504173263723,0.791393779260381,2.53014764277818,0.95,odds ratio,1,overlaps null,,hollow
25,fig3,a,Total effect,Percent density,Triple-negative subtype,1.21580689276259,0.782778066495292,1.88838505287617,0.95,odds ratio,1,overlaps null,,hollow
