cohort,participant,subtype,baseline,followup,change
Kerr,4589,myC00,2.4177640015144601,2.2243437539906301,-0.19342024752383002
Kerr,4589,myC01,3.1285748165763101,2.0389200336281701,-1.08965478294814
Kerr,4589,myC02,2.1141016793790501,1.01097356067657,-1.1031281187024802
Kerr,4589,myC03,2.3248695896845901,1.0660232969790999,-1.2588462927054902
Kerr,4589,myC04,-0.78226744290839401,0.57064050937364486,1.3529079522820389
Kerr,4589,myC05,1.39313508834583,-1.4438949830916601,-2.8370300714374901
Kerr,4589,myC06,1.3370844261463299,1.6240555973890101,0.28697117124268012
Kerr,4589,myC07,2.1082971107824999,0.60938512642527187,-1.4989119843572281
Kerr,4589,myC08,2.5189408580279,1.6775925369142499,-0.8413483211136501
Kerr,4589,myC09,-1.5175841866222599,-0.30158518263751488,1.215999003984745
Kerr,4589,myC10,1.8778815155958499,0.13277111039230791,-1.745110405203542
Kerr,4589,myC11,2.20181083068822,1.24794292921015,-0.95386790147806999
Kerr,4589,myC12,1.2913195989297199,1.7517052477394499,0.46038564880972999
Kerr,4589,myC13,1.6722261195418899,2.0938618532276299,0.42163573368573992
Kerr,4589,myC14,-1.7583543942966999,-2.8442689526439699,-1.08591455834727
Kerr,4589,myC15,0.017478791587818,0.1698544898875709,0.15237569829975289
Kerr,4595,myC00,2.6780901271186401,-3.6588637367903001,-6.3369538639089402
Kerr,4595,myC01,2.0538201499165201,-3.1628860898606002,-5.2167062397771202
Kerr,4595,myC02,1.4410328361267699,-1.68270038200831,-3.1237332181350799
Kerr,4595,myC03,3.41045701972882,-2.9899205673109002,-6.4003775870397206
Kerr,4595,myC04,5.6352142634560796,-0.60967188212682,-6.2448861455828997
Kerr,4595,myC05,2.9206756305392299,-2.36830657030852,-5.2889822008477498
Kerr,4595,myC06,4.2291655728270499,-2.0847176442323998,-6.3138832170594501
Kerr,4595,myC07,1.03433954497263,-1.9904885079147401,-3.0248280528873703
Kerr,4595,myC08,2.2231523744536701,-3.6630059324072506,-5.8861583068609207
Kerr,4595,myC09,5.4132332126857401,-1.4271541575665101,-6.84038737025225
Kerr,4595,myC10,2.30510744008388,-1.6914317251426001,-3.9965391652264799
Kerr,4595,myC11,2.2603226791707298,-1.43996362304346,-3.7002863022141899
Kerr,4595,myC12,3.4577287314989902,-1.1620197267641099,-4.6197484582630999
Kerr,4595,myC13,4.7539530911737096,-2.53113759269961,-7.2850906838733192
Kerr,4595,myC14,2.06732437035414,-0.64332316615502905,-2.7106475365091689
Kerr,4595,myC15,5.0999833544701803,-1.2412031123253,-6.34118646679548
Kerr,4598,myC00,1.2544206739769299,-3.0671453124567698,-4.3215659864336997
Kerr,4598,myC01,0.13989562287231591,-2.5271334147436701,-2.6670290376159862
Kerr,4598,myC02,1.12801303051561,-1.5743932336570601,-2.7024062641726703
Kerr,4598,myC03,1.71396307057303,-2.7841677302922494,-4.4981308008652796
Kerr,4598,myC04,1.4300016192766101,-0.47324811607558392,-1.903249735352194
Kerr,4598,myC05,-1.1555258876764101,-2.6197936462623899,-1.4642677585859798
Kerr,4598,myC06,0.698539145935543,-1.55051604186627,-2.249055187801813
Kerr,4598,myC07,-0.74885414006510886,-1.06510815018322,-0.31625401011811116
Kerr,4598,myC08,-0.26825416682016301,-3.2919048075432502,-3.023650640723087
Kerr,4598,myC09,0.70668567668355486,-0.154710480660571,-0.86139615734412589
Kerr,4598,myC10,0.45759508961640288,-1.6448482415728101,-2.102443331189213
Kerr,4598,myC11,1.0405157639159299,-2.2549538465518202,-3.2954696104677499
Kerr,4598,myC12,1.6314340944922701,-1.12132509044065,-2.7527591849329198
Kerr,4598,myC13,1.5280807036903801,-2.9897629878130294,-4.5178436915034093
Kerr,4598,myC14,-1.25071531197087,-0.373390834960937,0.8773244770099331
Kerr,4598,myC15,0.92437530707909199,-1.10987703699332,-2.0342523440724118
Kerr,4615,myC00,2.3202203842793301,-0.18562427764087,-2.5058446619202002
Kerr,4615,myC01,2.0631704987905399,-1.7056492287309999,-3.7688197275215396
Kerr,4615,myC02,2.2485342132511001,0.89321714283370302,-1.3553170704173971
Kerr,4615,myC03,1.5792054246983001,-0.32480364823586888,-1.904009072934169
Kerr,4615,myC04,-0.59801380111590585,-0.98787808832880597,-0.38986428721290012
Kerr,4615,myC05,3.0416064917323098,0.42120142388206888,-2.6204050678502409
Kerr,4615,myC06,1.5776772558640899,-0.829417114496528,-2.407094370360618
Kerr,4615,myC07,1.7761855445588699,1.4319628021353401,-0.34422274242352979
Kerr,4615,myC08,2.06154054763631,-0.56541171346534802,-2.6269522611016578
Kerr,4615,myC09,0.23907382871803801,-0.087151280743816603,-0.32622510946185462
Kerr,4615,myC10,1.4354108123036999,-0.204816334661094,-1.640227146964794
Kerr,4615,myC11,1.4160265787778501,-0.41691627376903201,-1.8329428525468821
Kerr,4615,myC12,1.6604343551914,-0.108488369105146,-1.768922724296546
Kerr,4615,myC13,1.2188133020668701,-0.481000918399552,-1.6998142204664222
Kerr,4615,myC14,2.39386150124496,-0.060108603486760802,-2.4539701047317206
Kerr,4615,myC15,0.33525005699390392,-0.61854753254086003,-0.9537975895347639
Kerr,4625,myC00,1.5850394138814301,-7.3701788166305313,-8.9552182305119619
Kerr,4625,myC01,1.06542376803063,-4.8353729076085203,-5.9007966756391506
Kerr,4625,myC02,2.7535022198438099,-4.3801672634722202,-7.1336694833160301
Kerr,4625,myC03,2.7846952742607902,-5.4862716616065699,-8.2709669358673601
Kerr,4625,myC04,-0.12309297686731201,-1.0630768938514901,-0.93998391698417805
Kerr,4625,myC05,2.7322617121115602,-5.5423464255878701,-8.2746081376994312
Kerr,4625,myC06,1.24528162539732,-5.4163889642777203,-6.6616705896750403
Kerr,4625,myC07,1.11216551404969,-1.9735114483177001,-3.0856769623673901
Kerr,4625,myC08,3.7257127014437601,-6.4123178506881402,-10.1380305521319
Kerr,4625,myC09,-0.089880058241449401,-2.3998202860375901,-2.3099402277961407
Kerr,4625,myC10,2.69380543275485,-1.8510302956107101,-4.5448357283655598
Kerr,4625,myC11,3.4113060663802299,-2.93408840559395,-6.3453944719741795
Kerr,4625,myC12,0.83621595233534285,-4.3748329727480799,-5.2110489250834231
Kerr,4625,myC13,1.3082213908273801,-6.1821118576088701,-7.4903332484362499
Kerr,4625,myC14,0.13858940167238201,-3.1714918023465399,-3.310081204018922
Kerr,4625,myC15,1.10805087379768,-2.3527508768719101,-3.4608017506695901
Kerr,4634,myC00,1.4792570693132701,-2.42502127387821,-3.9042783431914803
Kerr,4634,myC01,1.5582594665084999,-2.3105946964269202,-3.8688541629354201
Kerr,4634,myC02,3.1098835317776699,-2.65813548928142,-5.7680190210590894
Kerr,4634,myC03,1.8751794692163199,-2.7472839505934599,-4.6224634198097796
Kerr,4634,myC04,-0.76027429317127904,-2.34465279711584,-1.5843785039445608
Kerr,4634,myC05,1.5409178739868901,-4.4566853984133203,-5.9976032724002106
Kerr,4634,myC06,2.1281200508225706,-1.53569083120992,-3.6638108820324904
Kerr,4634,myC07,0.644624314954648,-2.1834139515259001,-2.8280382664805481
Kerr,4634,myC08,1.8166129108820901,-2.24797300754661,-4.0645859184287003
Kerr,4634,myC09,-0.65836106866355104,-2.22153756244332,-1.563176493779769
Kerr,4634,myC10,2.87403374272884,-0.70845751528079004,-3.5824912580096302
Kerr,4634,myC11,0.78061730265928087,-2.91812129467516,-3.6987385973344411
Kerr,4634,myC12,1.05689985182685,-2.0090368383116801,-3.0659366901385301
Kerr,4634,myC13,1.32326289996416,-2.7661110794899,-4.0893739794540602
Kerr,4634,myC14,-0.48962940331897392,-2.19038836972965,-1.7007589664106761
Kerr,4634,myC15,0.27717961331083102,-2.36583013690379,-2.6430097502146208
Kerr,4642,myC00,0.99646065565455,-5.1745249625048402,-6.1709856181593903
Kerr,4642,myC01,0.50032863170255604,-3.88346694963314,-4.3837955813356961
Kerr,4642,myC02,3.2470640726164799,-2.63787764632717,-5.8849417189436499
Kerr,4642,myC03,2.1985827626941301,-2.3658530393087198,-4.5644358020028495
Kerr,4642,myC04,-0.75176155470004702,-2.3309853351491898,-1.5792237804491429
Kerr,4642,myC05,1.73662879105585,-3.2771300199909001,-5.0137588110467499
Kerr,4642,myC06,1.7867266012580201,-3.6382259275931306,-5.4249525288511506
Kerr,4642,myC07,2.0795813507304999,-1.00134689099562,-3.0809282417261201
Kerr,4642,myC08,2.1604984710284101,-2.57515088032289,-4.7356493513513005
Kerr,4642,myC09,-0.18910693222906591,-1.5153456477952001,-1.3262387155661342
Kerr,4642,myC10,3.00971987363382,-2.48742223018216,-5.49714210381598
Kerr,4642,myC11,0.42559341970120501,-3.6520179807329698,-4.0776114004341748
Kerr,4642,myC12,1.46226251834798,-0.93593606522179285,-2.3981985835697728
Kerr,4642,myC13,1.29646928682172,-4.3976730125690704,-5.6941422993907906
Kerr,4642,myC14,0.26842232012502087,-3.3791575141533694,-3.6475798342783903
Kerr,4642,myC15,-0.0086396608235055992,-1.6456127192518399,-1.6369730584283344
Kerr,4648,myC00,0.1149529840977179,-3.18387454624771,-3.2988275303454277
Kerr,4648,myC01,-0.68739139194041587,-2.11482116691043,-1.427429774970014
Kerr,4648,myC02,1.95048203102823,-3.1724085834072602,-5.12289061443549
Kerr,4648,myC03,0.64008081269264105,-3.8657161453568198,-4.5057969580494612
Kerr,4648,myC04,-3.5019268177853,0.0295997384836129,3.5315265562689131
Kerr,4648,myC05,0.30649881853085592,-4.2771134289298001,-4.583612247460656
Kerr,4648,myC06,0.54803676003674795,-3.7814049836771799,-4.3294417437139279
Kerr,4648,myC07,0.88495594162900804,-0.15541864610287601,-1.040374587731884
Kerr,4648,myC08,2.0342219540554201,-3.7845467205358001,-5.8187686745912206
Kerr,4648,myC09,-1.5581131835556601,-0.960091458331084,0.59802172522457608
Kerr,4648,myC10,1.2520733637891399,-1.13874728648959,-2.3908206502787301
Kerr,4648,myC11,0.47174492702413201,-2.80903827957298,-3.2807832065971119
Kerr,4648,myC12,2.3317472794607399,-3.2974791490116999,-5.6292264284724398
Kerr,4648,myC13,-0.470580761867326,-2.8272432352879502,-2.3566624734206241
Kerr,4648,myC14,-1.0540030330987999,-1.91315218107485,-0.85914914797605002
Kerr,4648,myC15,-0.54893051396234804,-0.587765483285143,-0.038834969322794954
Kerr,4649,myC00,2.4556708452651801,-5.79272446581846,-8.248395311083641
Kerr,4649,myC01,3.1266875929714399,-4.8174771151455396,-7.9441647081169791
Kerr,4649,myC02,4.48484606545549,-2.6287628133912699,-7.11360887884676
Kerr,4649,myC03,4.3017017909873996,-3.56367403161491,-7.8653758226023101
Kerr,4649,myC04,0.93883300697666905,-3.6606358875062095,-4.5994688944828788
Kerr,4649,myC05,5.1068864613203804,-3.5890210562288001,-8.6959075175491805
Kerr,4649,myC06,2.9485517468341498,-3.6380376395598906,-6.5865893863940403
Kerr,4649,myC07,3.3748883258114901,-0.61125328099060905,-3.9861416068020992
Kerr,4649,myC08,3.7642791190309906,-2.9570075587268598,-6.7212866777578508
Kerr,4649,myC09,2.2105736706826402,-3.1837465636187701,-5.3943202343014107
Kerr,4649,myC10,3.1225767737392598,-2.8216709204356101,-5.9442476941748694
Kerr,4649,myC11,2.50103957581012,-3.61973085342207,-6.1207704292321896
Kerr,4649,myC12,2.7887155358476301,-2.3100876147986802,-5.0988031506463098
Kerr,4649,myC13,2.31891242061945,-4.9943070762791804,-7.3132194968986308
Kerr,4649,myC14,2.7588075321544299,-2.5907755935977401,-5.3495831257521704
Kerr,4649,myC15,1.3201829174408399,-2.21725385101794,-3.5374367684587797
Kerr,4659,myC00,3.9771921895638198,-1.9356983735336999,-5.9128905630975197
Kerr,4659,myC01,3.0421501459139,-1.46855924516947,-4.5107093910833704
Kerr,4659,myC02,2.9945943168782598,-0.25846641194630687,-3.2530607288245665
Kerr,4659,myC03,4.9457466052715997,-2.5036646339535502,-7.4494112392251495
Kerr,4659,myC04,6.5694210225012704,-1.4980322237584101,-8.0674532462596797
Kerr,4659,myC05,3.9965892886850001,-2.8184485778643098,-6.8150378665493099
Kerr,4659,myC06,7.80964101048502,-0.76107525170793,-8.5707162621929491
Kerr,4659,myC07,0.36227338039420792,-0.44696952951542201,-0.80924290990962988
Kerr,4659,myC08,4.0821100366125904,-1.2444864632482999,-5.3265964998608908
Kerr,4659,myC09,10.3634953693409,-1.30697403028434,-11.67046939962524
Kerr,4659,myC10,3.0889031929761699,-1.2960221547586199,-4.3849253477347894
Kerr,4659,myC11,2.9979527437028701,-1.1802079694955001,-4.1781607131983698
Kerr,4659,myC12,3.5925488417925502,-0.85530244076675788,-4.4478512825593084
Kerr,4659,myC13,7.4766640024734308,-1.8217536129988099,-9.2984176154722409
Kerr,4659,myC14,3.8538945408209799,-3.8210799717987798,-7.6749745126197597
Kerr,4659,myC15,6.4802669314532704,-1.0709903278643,-7.5512572593175706
Kerr,4666,myC00,2.8526082181513299,-2.41436412382946,-5.2669723419807895
Kerr,4666,myC01,2.65285108807057,-1.2633964235791,-3.91624751164967
Kerr,4666,myC02,3.09733609924118,-2.4274723570825101,-5.5248084563236901
Kerr,4666,myC03,3.8303619260651902,-2.0868295412315798,-5.91719146729677
Kerr,4666,myC04,2.3182656453324899,-0.89463629577455805,-3.2129019411070479
Kerr,4666,myC05,5.0385976675080704,-3.7901275148022302,-8.8287251823103006
Kerr,4666,myC06,3.24284539246398,-3.51895744875661,-6.7618028412205895
Kerr,4666,myC07,1.8957120396045399,-0.83020896289757995,-2.7259210025021199
Kerr,4666,myC08,4.0887938460919502,-3.1270052567025202,-7.2157991027944703
Kerr,4666,myC09,1.4130917862177901,-1.22316493897184,-2.6362567251896301
Kerr,4666,myC10,2.0113422221830999,-0.72457650108942995,-2.7359187232725297
Kerr,4666,myC11,2.8838390981797501,-3.5088832109982899,-6.3927223091780405
Kerr,4666,myC12,3.4920727124973201,-1.89819654384128,-5.3902692563386001
Kerr,4666,myC13,2.3874325745110401,-1.4667702270920899,-3.85420280160313
Kerr,4666,myC14,3.7605227501180498,-2.8005183998154699,-6.5610411499335193
Kerr,4666,myC15,1.2274392346544101,-0.64891201367095386,-1.8763512483253639
Kerr,4810,myC00,4.0464327013078902,-4.9863255974960996,-9.0327582988039907
Kerr,4810,myC01,2.3589071997744799,-4.0258636937321297,-6.3847708935066096
Kerr,4810,myC02,3.2897872905896199,-2.6718070003354,-5.9615942909250199
Kerr,4810,myC03,3.2103231442633802,-4.5857958796465201,-7.7961190239099007
Kerr,4810,myC04,-0.96866849250618503,-0.84254422980862087,0.12612426269756416
Kerr,4810,myC05,1.18661846094789,-4.3087382708837199,-5.4953567318316097
Kerr,4810,myC06,3.4390797723223701,-2.3110752706265401,-5.7501550429489097
Kerr,4810,myC07,0.61256094388614302,-0.79753626797759103,-1.410097211863734
Kerr,4810,myC08,3.4819321000362198,-3.7302304000400106,-7.2121625000762304
Kerr,4810,myC09,-0.88155279163392786,-1.5369022682254201,-0.65534947659149223
Kerr,4810,myC10,2.1247010541848601,-2.2856082667601898,-4.4103093209450499
Kerr,4810,myC11,2.85782947278858,-2.4352343983563101,-5.2930638711448896
Kerr,4810,myC12,3.3803024557898,-3.64474179795794,-7.0250442537477404
Kerr,4810,myC13,3.0542720112828299,-4.1488331001186198,-7.2031051114014497
Kerr,4810,myC14,1.41671617374361,-1.80998639964171,-3.2267025733853201
Kerr,4810,myC15,0.98642590154689502,-2.20029271637102,-3.186718617917915
Kerr,4885,myC00,1.8497869854197699,0.1581700021895879,-1.6916169832301819
Kerr,4885,myC01,2.2590475136734902,-0.75144850781001005,-3.0104960214835002
Kerr,4885,myC02,3.7113928186640095,-1.30852335435704,-5.0199161730210493
Kerr,4885,myC03,2.3817957918322401,-0.97849177947539101,-3.360287571307631
Kerr,4885,myC04,0.901111823553022,-1.4593218915357999,-2.3604337150888219
Kerr,4885,myC05,3.5856339220222901,-0.50382203383362401,-4.0894559558559145
Kerr,4885,myC06,0.50148397186877203,-0.720428741694918,-1.22191271356369
Kerr,4885,myC07,1.0630777688263799,-0.51671720112225195,-1.5797949699486318
Kerr,4885,myC08,2.7315406510702198,-1.0194712317569701,-3.7510118828271901
Kerr,4885,myC09,1.5115272057964599,-1.34873026121891,-2.8602574670153702
Kerr,4885,myC10,3.40645300196238,-0.87912755022803701,-4.2855805521904173
Kerr,4885,myC11,2.0294714759600998,-1.1744666360275899,-3.2039381119876897
Kerr,4885,myC12,0.60237291290200201,-0.74948775746181895,-1.351860670363821
Kerr,4885,myC13,2.7368520680939299,-1.41752062105826,-4.1543726891521899
Kerr,4885,myC14,3.1590716678550099,-0.309830200606379,-3.4689018684613888
Kerr,4885,myC15,0.92366806885965302,0.25618905807013992,-0.66747901078951311
Kerr,4887,myC00,1.8352500052863301,1.32095946382604,-0.51429054146029007
Kerr,4887,myC01,1.31358982175906,0.14224313410226591,-1.1713466876567942
Kerr,4887,myC02,2.4737198413364898,1.43552983157526,-1.0381900097612298
Kerr,4887,myC03,4.47201987793225,1.6596944766833801,-2.8123254012488701
Kerr,4887,myC04,5.7426291113442298,0.84267929858466295,-4.8999498127595666
Kerr,4887,myC05,1.5507987438895301,0.30807448361935003,-1.24272426027018
Kerr,4887,myC06,3.8742584099570494,1.08261596672496,-2.7916424432320897
Kerr,4887,myC07,0.80004792011563486,0.33430032008233102,-0.46574760003330384
Kerr,4887,myC08,3.69058722493474,1.1817216761599101,-2.5088655487748301
Kerr,4887,myC09,5.5722763363256602,0.78568582896279204,-4.7865905073628685
Kerr,4887,myC10,1.0882299001734499,0.30343202672929792,-0.78479787344415197
Kerr,4887,myC11,1.50903199688714,0.48891189438789501,-1.020120102499245
Kerr,4887,myC12,2.5884767537422899,1.1678226908415601,-1.4206540629007298
Kerr,4887,myC13,4.7914742331678797,0.85360612904078903,-3.9378681041270909
Kerr,4887,myC14,2.2737859842981294,0.83219869771028288,-1.4415872865878465
Kerr,4887,myC15,4.6502607284354696,0.78495098700110588,-3.8653097414343636
Kerr,4898,myC00,2.7809263104858601,-2.75991474730899,-5.5408410577948501
Kerr,4898,myC01,2.9729931691103801,-1.68093770301739,-4.6539308721277699
Kerr,4898,myC02,3.03104784560959,-0.260129456656367,-3.2911773022659569
Kerr,4898,myC03,1.7786605985180399,-1.8924964266927,-3.6711570252107402
Kerr,4898,myC04,-5.3099603436377496,-0.98495016815715275,4.325010175480597
Kerr,4898,myC05,3.02658756562644,-1.10129204705733,-4.1278796126837705
Kerr,4898,myC06,3.1668743488184501,-0.33674828154934788,-3.503622630367798
Kerr,4898,myC07,1.56274065868076,-0.76156629605620085,-2.3243069547369606
Kerr,4898,myC08,2.8043321756828301,-2.4930459150484201,-5.2973780907312502
Kerr,4898,myC09,-2.4620856560269302,-1.38757902276975,1.0745066332571802
Kerr,4898,myC10,2.5601153589950401,-0.082607557994808997,-2.642722916989849
Kerr,4898,myC11,1.83918340048975,-2.33623317241151,-4.17541657290126
Kerr,4898,myC12,3.72988342867921,-1.3799428464093599,-5.1098262750885697
Kerr,4898,myC13,1.4976648311645999,-2.9292777728116599,-4.4269426039762596
Kerr,4898,myC14,0.99119053042220595,-0.226658484614705,-1.217849015036911
Kerr,4898,myC15,-0.42479751735405302,-0.80347565233101803,-0.37867813497696501
Kerr,4908,myC00,3.9192025923382001,-2.2558852305256001,-6.1750878228637998
Kerr,4908,myC01,3.14404298732306,-0.95109228002079904,-4.095135267343859
Kerr,4908,myC02,1.74416717600852,-2.0042386311034601,-3.7484058071119799
Kerr,4908,myC03,2.6455183656645498,-2.85047866395993,-5.4959970296244798
Kerr,4908,myC04,1.71104118034814,-1.21771543569742,-2.9287566160455603
Kerr,4908,myC05,2.42416067435347,-3.2988751825873002,-5.7230358569407702
Kerr,4908,myC06,1.5729233310136701,-2.5803939917310399,-4.1533173227447104
Kerr,4908,myC07,1.9540064177141001,1.0399391149044199,-0.91406730280968018
Kerr,4908,myC08,3.0031537936725701,-1.46161233583349,-4.4647661295060601
Kerr,4908,myC09,0.98089845986583402,-1.543919008889,-2.5248174687548341
Kerr,4908,myC10,-0.0098496662008772003,-1.04805157925092,-1.0382019130500428
Kerr,4908,myC11,1.8584796380369899,-2.37949077760838,-4.2379704156453695
Kerr,4908,myC12,1.0082104498158,-1.3862248476119601,-2.3944352974277603
Kerr,4908,myC13,3.87625570991593,-1.90265724541685,-5.77891295533278
Kerr,4908,myC14,1.6142824440827901,-4.3933832670230002,-6.0076657111057905
Kerr,4908,myC15,0.96737108812497286,-0.86120928486519688,-1.8285803729901697
Kerr,4914,myC00,4.60156058164862,3.42123801595588,-1.1803225656927401
Kerr,4914,myC01,2.3480091872653399,2.28081947073556,-0.067189716529779897
Kerr,4914,myC02,2.7463921326281602,0.37532696281046102,-2.3710651698176992
Kerr,4914,myC03,4.3284408008785098,3.07706341471855,-1.2513773861599597
Kerr,4914,myC04,3.2047084984911902,3.0241494810808001,-0.18055901741039015
Kerr,4914,myC05,1.7782523452207399,4.5222890913041001,2.7440367460833599
Kerr,4914,myC06,3.7105669692900798,1.4614783281391399,-2.2490886411509399
Kerr,4914,myC07,1.3145048990864601,0.38619553008974988,-0.92830936899671013
Kerr,4914,myC08,4.6683786071491102,0.77888006335107784,-3.8894985437980325
Kerr,4914,myC09,2.9568013841865399,3.1584266593643906,0.20162527517785067
Kerr,4914,myC10,1.95774382832543,-0.076095464000004401,-2.0338392923254345
Kerr,4914,myC11,3.5129243315110901,1.3544107705680699,-2.1585135609430202
Kerr,4914,myC12,2.8985570602340598,0.58016991112716187,-2.3183871491068979
Kerr,4914,myC13,5.0377890024140601,3.81235337672888,-1.2254356256851802
Kerr,4914,myC14,0.44379051690316701,4.69946172503189,4.2556712081287227
Kerr,4914,myC15,2.8468157992762699,1.5209664377849501,-1.3258493614913198
Kerr,4919,myC00,3.29427024634249,-2.5006393737369099,-5.7949096200793999
Kerr,4919,myC01,3.2626052986329599,-2.4335878088235199,-5.6961931074564802
Kerr,4919,myC02,1.8509177754444399,-1.5838164419701499,-3.4347342174145901
Kerr,4919,myC03,-0.52462796449218985,-3.2314744839915002,-2.7068465194993103
Kerr,4919,myC04,0.50940721798077104,-2.1556576180140601,-2.6650648359948312
Kerr,4919,myC05,0.65718769072820704,-3.0233808664759301,-3.6805685572041371
Kerr,4919,myC06,0.0995159848394154,-0.872894229482295,-0.97241021432171038
Kerr,4919,myC07,1.67757864349665,0.30738040685243501,-1.3701982366442149
Kerr,4919,myC08,0.66042403749561385,-1.5198459214803599,-2.1802699589759738
Kerr,4919,myC09,-1.2533133684765201,-2.0988852058151002,-0.8455718373385801
Kerr,4919,myC10,-0.80715003309289801,-2.21293996844134,-1.405789935348442
Kerr,4919,myC11,1.4093792538352401,-2.7836383292276801,-4.1930175830629199
Kerr,4919,myC12,-0.61950847173389101,-1.6536069085466401,-1.034098436812749
Kerr,4919,myC13,1.7960805128608901,-1.7532370976591201,-3.5493176105200099
Kerr,4919,myC14,-2.1168489737663694,-2.4638117151725001,-0.3469627414061307
Kerr,4919,myC15,0.409811137241896,-2.3723114549212401,-2.7821225921631361
Kerr,4930,myC00,2.0200213750428699,-2.2224458583118598,-4.2424672333547297
Kerr,4930,myC01,2.1485968116383698,-1.02601077226065,-3.1746075838990198
Kerr,4930,myC02,4.2623389964987002,-1.4220498348424,-5.6843888313411002
Kerr,4930,myC03,2.1707821161850802,-0.64866064650793387,-2.8194427626930141
Kerr,4930,myC04,1.67148895231254,-1.12041917301776,-2.7919081253303002
Kerr,4930,myC05,3.32147495384317,-2.66844649756217,-5.9899214514053405
Kerr,4930,myC06,3.4582947536323299,-1.1554237128746201,-4.6137184665069499
Kerr,4930,myC07,1.37735423771118,-0.80379442196876305,-2.181148659679943
Kerr,4930,myC08,1.8103997726193299,-2.3048675796479499,-4.1152673522672796
Kerr,4930,myC09,1.7417127747651699,-0.866079329735992,-2.6077921045011618
Kerr,4930,myC10,3.2353162194978302,-1.2547341365865501,-4.4900503560843799
Kerr,4930,myC11,1.256870898579,-1.45008793823674,-2.70695883681574
Kerr,4930,myC12,1.4301126035493801,-1.09020989542966,-2.52032249897904
Kerr,4930,myC13,1.9642681415755101,-2.3102275043471199,-4.27449564592263
Kerr,4930,myC14,0.580063138597948,-1.1801983451536,-1.760261483751548
Kerr,4930,myC15,1.5129538434041401,-0.71850356978201702,-2.2314574131861571
Kerr,4934,myC00,-0.448340454500403,-0.84237576707536388,-0.39403531257496088
Kerr,4934,myC01,-0.0959233458904621,-1.6778585179515899,-1.5819351720611279
Kerr,4934,myC02,1.0089187189166799,-0.21143921485877401,-1.220357933775454
Kerr,4934,myC03,2.11267505345343,-0.94751834363854204,-3.0601933970919721
Kerr,4934,myC04,-0.017016941041804502,2.8739157332190901,2.8909326742608945
Kerr,4934,myC05,8.6974333501449692,-0.071015770285668106,-8.7684491204306365
Kerr,4934,myC06,-1.1741917475463199,-0.62415879001700902,0.55003295752931092
Kerr,4934,myC07,0.988630797637428,-1.2174898412708599,-2.2061206389082879
Kerr,4934,myC08,1.0387558394366201,0.205365346834226,-0.83339049260239406
Kerr,4934,myC09,1.9261452714198,1.2042177142255699,-0.72192755719423007
Kerr,4934,myC10,0.81837176792750488,-1.48742091474912,-2.3057926826766248
Kerr,4934,myC11,-0.43027358840688701,-0.55725661204710386,-0.12698302364021685
Kerr,4934,myC12,1.71132139378282,-0.23259422555999301,-1.9439156193428131
Kerr,4934,myC13,0.45135019987300001,-1.1862405687350299,-1.63759076860803
Kerr,4934,myC14,6.6499711362332796,1.9303370992939799,-4.7196340369392997
Kerr,4934,myC15,0.58564509231889605,1.79986617610458,1.2142210837856839
Kerr,4944,myC00,3.9350237823377001,0.280568256363883,-3.654455525973817
Kerr,4944,myC01,2.53734783352354,-0.0117084337390821,-2.549056267262622
Kerr,4944,myC02,4.4257109277564401,-1.44744954494663,-5.87316047270307
Kerr,4944,myC03,4.3494655951058103,-0.70320837753661103,-5.0526739726424212
Kerr,4944,myC04,-0.25534318476262102,1.3444744505550399,1.599817635317661
Kerr,4944,myC05,4.04304757316857,-1.8232554830568199,-5.8663030562253899
Kerr,4944,myC06,4.7760018931985702,-0.567954856400264,-5.343956749598834
Kerr,4944,myC07,1.4850073526379299,-1.62608448438744,-3.11109183702537
Kerr,4944,myC08,4.0777490359526896,-1.1503038166772399,-5.2280528526299292
Kerr,4944,myC09,0.74911674262783801,0.18653279622289901,-0.56258394640493903
Kerr,4944,myC10,3.7136356546238698,-1.5113590628912299,-5.2249947175150995
Kerr,4944,myC11,2.62656264479434,-0.29073738881748901,-2.9173000336118289
Kerr,4944,myC12,4.0708259811763101,-1.5753328674274401,-5.6461588486037506
Kerr,4944,myC13,3.6957463794266801,0.0038356359324519,-3.691910743494228
Kerr,4944,myC14,1.5698804742232599,-0.63936882095358305,-2.2092492951768428
Kerr,4944,myC15,1.8489377974049399,-0.820130029466141,-2.669067826871081
Kerr,4946,myC00,2.0928798323273101,-4.7686951010055996,-6.8615749333329097
Kerr,4946,myC01,0.17096431262110201,-4.0457165537557298,-4.2166808663768318
Kerr,4946,myC02,1.91907861838599,-4.2722692159001401,-6.1913478342861303
Kerr,4946,myC03,1.5187134230236701,-3.6451468221737895,-5.1638602451974593
Kerr,4946,myC04,-2.7913516762114599,1.0935319527432701,3.8848836289547299
Kerr,4946,myC05,2.17297782211579,-3.1320670835865601,-5.3050449057023501
Kerr,4946,myC06,0.61356180848740705,-3.4368680107601399,-4.0504298192475474
Kerr,4946,myC07,1.4991533259941201,-2.1147275980902398,-3.6138809240843601
Kerr,4946,myC08,2.3055804534438402,-5.9340245194257601,-8.2396049728695999
Kerr,4946,myC09,-0.89672377627897903,1.0116460611534801,1.9083698374324591
Kerr,4946,myC10,1.2089123217800899,-3.0136562343637201,-4.22256855614381
Kerr,4946,myC11,1.4976413698586299,-4.1135382347800897,-5.6111796046387195
Kerr,4946,myC12,1.5808724981600299,-3.5614348344534199,-5.1423073326134503
Kerr,4946,myC13,1.2269949560534501,-3.5531952553944306,-4.7801902114478807
Kerr,4946,myC14,2.00708406143035,1.87478686388093,-0.13229719754942004
Kerr,4946,myC15,-0.32905113659924501,-0.47345399828778101,-0.144402861688536
Kerr,4958,myC00,2.1482410585317706,-4.5792967900883896,-6.7275378486201607
Kerr,4958,myC01,2.1838548853675199,-3.09086067746258,-5.2747155628300995
Kerr,4958,myC02,1.38754688471933,-3.5427643104769202,-4.9303111951962499
Kerr,4958,myC03,0.89258223387404501,-4.9528266925017199,-5.8454089263757645
Kerr,4958,myC04,-2.8782829826149894,1.26958049959518,4.1478634822101696
Kerr,4958,myC05,-0.044244291980236203,-3.6231418105962305,-3.5788975186159941
Kerr,4958,myC06,1.4888287776502001,-1.7824899421837701,-3.2713187198339702
Kerr,4958,myC07,-0.049164142174756301,-1.9574799435284,-1.9083158013536436
Kerr,4958,myC08,0.72215681021969302,-5.0075019089891004,-5.7296587192087935
Kerr,4958,myC09,-1.75705071257987,1.03829179839991,2.79534251097978
Kerr,4958,myC10,0.31084159494896701,-1.7833053230739699,-2.0941469180229371
Kerr,4958,myC11,1.1862244722889701,-3.8658195983079802,-5.05204407059695
Kerr,4958,myC12,0.44286260780443693,-3.8962599535812106,-4.3391225613856479
Kerr,4958,myC13,0.68705481863414386,-3.6565598179097898,-4.3436146365439336
Kerr,4958,myC14,-1.7821341176290599,0.423589842259531,2.2057239598885907
Kerr,4958,myC15,-1.0875346798621901,-1.2527242571768999,-0.16518957731470985
Kerr,4962,myC00,1.60825708671658,-1.7798166474319701,-3.3880737341485503
Kerr,4962,myC01,1.1343995986155699,-1.1140910237753301,-2.2484906223909
Kerr,4962,myC02,4.2084357916094799,0.046865054436081403,-4.1615707371733981
Kerr,4962,myC03,3.5258688867260801,-1.2443285071221299,-4.7701973938482105
Kerr,4962,myC04,-0.91411014614937203,-4.3184498952156103,-3.4043397490662382
Kerr,4962,myC05,5.3682196446009396,-2.0680146594337399,-7.436234304034679
Kerr,4962,myC06,5.6090406713583301,-0.32784688867318001,-5.9368875600315096
Kerr,4962,myC07,2.0540391117244599,-1.03429426512695,-3.0883333768514101
Kerr,4962,myC08,2.9326693336455598,-1.5355481492184599,-4.46821748286402
Kerr,4962,myC09,1.4339818607460399,-3.5063209526194798,-4.9403028133655198
Kerr,4962,myC10,5.1450564844679896,0.65537670612791588,-4.4896797783400739
Kerr,4962,myC11,2.3421016854074699,-0.59851778375971987,-2.9406194691671899
Kerr,4962,myC12,3.1279559677825599,-0.79634805542835685,-3.924304023210917
Kerr,4962,myC13,3.2555916814200598,-2.6311011292406894,-5.8866928106607492
Kerr,4962,myC14,2.8202559062782999,-2.6628875254218101,-5.4831434317001104
Kerr,4962,myC15,1.0026544763027601,-1.4947633408620999,-2.4974178171648598
Kerr,4964,myC00,1.4293693313982401,1.4062814856191199,-0.023087845779120153
Kerr,4964,myC01,0.45238394193419401,0.25905681438709788,-0.19332712754709613
Kerr,4964,myC02,1.9320876528900299,0.2241626461981529,-1.707925006691877
Kerr,4964,myC03,3.6570434172569506,0.240088918736799,-3.4169544985201514
Kerr,4964,myC04,0.47699942373624388,0.30658183287832702,-0.17041759085791686
Kerr,4964,myC05,4.7230893861868903,-1.5173408301289399,-6.2404302163158301
Kerr,4964,myC06,2.6596071461747499,1.5015742631926801,-1.1580328829820699
Kerr,4964,myC07,1.70818410300246,0.47073336818255201,-1.237450734819908
Kerr,4964,myC08,2.9626313812500702,1.2449301514835001,-1.7177012297665701
Kerr,4964,myC09,1.62596986230012,-0.44993945122585488,-2.0759093135259747
Kerr,4964,myC10,1.6542670695791299,-0.97199551651744476,-2.6262625860965745
Kerr,4964,myC11,1.4869208232111799,1.2772528455052099,-0.20966797770597001
Kerr,4964,myC12,2.64604094867921,1.0734327455045301,-1.57260820317468
Kerr,4964,myC13,2.5963214278340101,1.0744315402776401,-1.52188988755637
Kerr,4964,myC14,4.3489204044050496,-0.90129662187269199,-5.2502170262777419
Kerr,4964,myC15,1.8753644426987699,1.29995905238412,-0.57540539031464988
Kerr,4967,myC00,4.2890546804651697,4.2482077538128102,-0.04084692665235945
Kerr,4967,myC01,2.8817382771959301,3.8650009602837199,0.98326268308778975
Kerr,4967,myC02,5.4012662002362699,1.7313637306490499,-3.6699024695872202
Kerr,4967,myC03,4.2630860823126699,2.9460875982333894,-1.3169984840792806
Kerr,4967,myC04,0.57128664674461604,2.0188093877418698,1.4475227409972538
Kerr,4967,myC05,2.77542156047795,1.6933887065916,-1.08203285388635
Kerr,4967,myC06,3.9434577179558494,1.9419369272239699,-2.0015207907318793
Kerr,4967,myC07,2.2340956802523499,-0.122164328693316,-2.3562600089456658
Kerr,4967,myC08,5.2023424284916704,0.96568989430339203,-4.2366525341882788
Kerr,4967,myC09,1.16889095089059,1.1517827215637499,-0.017108229326840085
Kerr,4967,myC10,2.5530848814588101,0.48090642378740101,-2.0721784576714093
Kerr,4967,myC11,3.0248045395866701,1.98091667854739,-1.0438878610392801
Kerr,4967,myC12,2.0360155349554501,0.90134328724937685,-1.1346722477060731
Kerr,4967,myC13,3.18572324818251,2.7269235021083,-0.45879974607420992
Kerr,4967,myC14,0.1668696940979589,-0.95813637979171085,-1.1250060738896697
Kerr,4967,myC15,2.82941726906733,1.2039671502627201,-1.62545011880461
Kerr,4971,myC00,-1.4595190178122901,-2.5611572569302399,-1.1016382391179498
Kerr,4971,myC01,-2.08397718243712,-2.2130733296376399,-0.12909614720051987
Kerr,4971,myC02,5.3818940375025601,-1.9132454577843601,-7.2951394952869197
Kerr,4971,myC03,3.4781571617952798,-3.0063722701298699,-6.4845294319251501
Kerr,4971,myC04,-0.61044775118279904,-0.063095030109985503,0.54735272107281352
Kerr,4971,myC05,6.0756274201569704,-2.7230697053410302,-8.7986971254980002
Kerr,4971,myC06,3.8446132064307599,-1.1730196393183501,-5.0176328457491097
Kerr,4971,myC07,1.7937510670076,-0.117888218923605,-1.911639285931205
Kerr,4971,myC08,7.3688680833203692,-1.8821872775699999,-9.2510553608903692
Kerr,4971,myC09,1.8052219932048099,-1.48900699809284,-3.2942289912976497
Kerr,4971,myC10,3.0251697449125694,-1.69024291896768,-4.7154126638802492
Kerr,4971,myC11,0.078122206235109501,-1.6612803266789999,-1.7394025329141094
Kerr,4971,myC12,4.0961806515270602,-2.6915846819504301,-6.7877653334774903
Kerr,4971,myC13,0.92989063977750597,-2.4600228513774201,-3.389913491154926
Kerr,4971,myC14,2.9610869900580101,-2.6319641355303398,-5.5930511255883495
Kerr,4971,myC15,3.8107501279335305,-1.7535253412212699,-5.5642754691548006
Kerr,4973,myC00,4.0171285161958803,1.5090683058393299,-2.5080602103565504
Kerr,4973,myC01,3.8087709778173799,1.04900143926306,-2.7597695385543197
Kerr,4973,myC02,1.84653806008345,-0.63537193859138485,-2.4819099986748347
Kerr,4973,myC03,2.2322712595511001,1.1500751410443399,-1.0821961185067601
Kerr,4973,myC04,-2.1765376054213399,1.1189518708450801,3.29548947626642
Kerr,4973,myC05,1.95460016036453,-0.24595361511305,-2.2005537754775801
Kerr,4973,myC06,2.8693585516092499,-0.1147980387863449,-2.9841565903955947
Kerr,4973,myC07,1.2956476054411299,-0.36036522769849988,-1.6560128331396298
Kerr,4973,myC08,3.2915794946796701,0.20836710718689791,-3.0832123874927722
Kerr,4973,myC09,-1.3562937033674201,0.34252815944953402,1.698821862816954
Kerr,4973,myC10,1.1139029708475301,-0.61504815936966395,-1.728951130217194
Kerr,4973,myC11,1.5920942137401199,0.40347312724095002,-1.18862108649917
Kerr,4973,myC12,0.76779704220394385,1.04474647220523,0.27694943000128613
Kerr,4973,myC13,2.43189948913987,0.82591228773233805,-1.6059872014075318
Kerr,4973,myC14,-0.48029592674378402,0.60282775162685387,1.0831236783706379
Kerr,4973,myC15,-0.58670612288922086,1.78483567102137,2.3715417939105907
Kerr,4974,myC00,0.68601705779626887,0.031001335131770402,-0.65501572266449848
Kerr,4974,myC01,0.71417054110880485,1.0315385353325199,0.31736799422371509
Kerr,4974,myC02,2.2012859751307801,-0.80646722406778104,-3.0077531991985609
Kerr,4974,myC03,2.1497654827950199,-2.1007285343616302,-4.2504940171566501
Kerr,4974,myC04,-2.9446227223353398,0.36329411573520792,3.3079168380705477
Kerr,4974,myC05,3.1975110466119401,-1.3562817645132399,-4.55379281112518
Kerr,4974,myC06,1.11619471738242,0.81769468032473003,-0.29850003705769002
Kerr,4974,myC07,2.8365968066937799,0.259684076204659,-2.5769127304891208
Kerr,4974,myC08,1.7650995053913101,-1.3079830566264501,-3.0730825620177602
Kerr,4974,myC09,-0.156900163432178,-0.93801379552923303,-0.78111363209705509
Kerr,4974,myC10,2.8855780482493798,-0.51555290842107504,-3.4011309566704551
Kerr,4974,myC11,1.27330853563388,-0.15509170099727601,-1.4284002366311561
Kerr,4974,myC12,1.5578656190240201,0.69022525626183795,-0.86764036276218215
Kerr,4974,myC13,0.57689806574969005,0.34205872619338701,-0.23483933955630304
Kerr,4974,myC14,1.57026779327748,0.088970447061518798,-1.4812973462159613
Kerr,4974,myC15,-0.318770449806005,1.04771238031855,1.3664828301245548
Kerr,4975,myC00,4.0014715021310101,-1.92154096113984,-5.9230124632708501
Kerr,4975,myC01,3.42843586862065,-1.5504618323663799,-4.9788977009870301
Kerr,4975,myC02,4.5363511957333698,-2.9916492714267799,-7.5280004671601493
Kerr,4975,myC03,3.19226323242032,-4.2632559722196701,-7.4555192046399901
Kerr,4975,myC04,-0.116514546466803,-0.87509233669931286,-0.75857779023250982
Kerr,4975,myC05,3.9254200240338801,-4.3822168444305101,-8.3076368684643906
Kerr,4975,myC06,3.6579947844940599,-2.8851596094941301,-6.54315439398819
Kerr,4975,myC07,2.30884640589997,-1.6162428687044501,-3.9250892746044199
Kerr,4975,myC08,2.9909834578975301,-2.3874136513382398,-5.3783971092357703
Kerr,4975,myC09,0.139935117865682,-1.25004201736975,-1.389977135235432
Kerr,4975,myC10,4.0702992987794699,-1.44915554602181,-5.5194548448012801
Kerr,4975,myC11,3.1099581634965601,-2.0720386159741202,-5.1819967794706798
Kerr,4975,myC12,0.80491068136295685,-2.8455947853335699,-3.6505054666965266
Kerr,4975,myC13,4.1558939822835104,-1.97109660705968,-6.1269905893431904
Kerr,4975,myC14,0.97523101147878799,-2.7734394600604499,-3.748670471539238
Kerr,4975,myC15,0.91749451329935605,-2.6398410419122098,-3.5573355552115657
Kerr,4980,myC00,2.9280284833727399,0.739219862035291,-2.1888086213374489
Kerr,4980,myC01,1.69354805029359,0.60866822956677902,-1.0848798207268109
Kerr,4980,myC02,2.9261654860726898,0.74145337512579601,-2.1847121109468937
Kerr,4980,myC03,3.1365776620491901,0.121365339431015,-3.0152123226181753
Kerr,4980,myC04,0.60196060601368195,-0.22610096818863301,-0.82806157420231497
Kerr,4980,myC05,4.1840724472361703,0.45090114716725987,-3.7331713000689106
Kerr,4980,myC06,3.0130822198969698,-0.25219639822314088,-3.2652786181201106
Kerr,4980,myC07,2.6566355537496902,0.26955949175169402,-2.387076061997996
Kerr,4980,myC08,3.5015481921718701,0.93255257748799003,-2.5689956146838799
Kerr,4980,myC09,1.6728236838647501,0.185910294757898,-1.486913389106852
Kerr,4980,myC10,1.6566802219877801,0.058953232919054202,-1.5977269890687258
Kerr,4980,myC11,2.2445473448397699,-0.47537903941603887,-2.7199263842558086
Kerr,4980,myC12,2.4376331875544399,0.85650455397032188,-1.5811286335841181
Kerr,4980,myC13,2.1184676469213599,0.352790248350903,-1.7656773985704568
Kerr,4980,myC14,3.6495453493982999,0.69138423801622595,-2.9581611113820738
Kerr,4980,myC15,0.13409049852792601,-0.52155804229779401,-0.65564854082571999
Kerr,4981,myC00,2.9886471810952906,-2.71764778674329,-5.7062949678385806
Kerr,4981,myC01,3.1280561396044102,-1.40966437930122,-4.5377205189056298
Kerr,4981,myC02,4.3878288335140603,-1.1295598042975401,-5.5173886378116004
Kerr,4981,myC03,3.0291229564460802,-2.4090886390775501,-5.4382115955236303
Kerr,4981,myC04,1.6438960529589901,-1.2346424750960401,-2.8785385280550302
Kerr,4981,myC05,2.5461420687982401,-3.0630294936242799,-5.60917156242252
Kerr,4981,myC06,3.8792183891062302,-1.49325291330236,-5.3724713024085897
Kerr,4981,myC07,1.4970638816394499,-0.76402236355145803,-2.2610862451909082
Kerr,4981,myC08,3.7748602019324302,-1.3056066418560801,-5.0804668437885105
Kerr,4981,myC09,1.4316380886861,-1.0905434822117199,-2.5221815708978199
Kerr,4981,myC10,3.4974676556531401,-1.4356217313412101,-4.9330893869943502
Kerr,4981,myC11,1.9870320984790499,-1.7809872180633,-3.7680193165423499
Kerr,4981,myC12,3.4753127035483198,-1.1080872795740599,-4.58339998312238
Kerr,4981,myC13,2.6721394089386101,-1.75205120787317,-4.4241906168117797
Kerr,4981,myC14,0.65685996636993205,-2.2198410554922701,-2.876701021862202
Kerr,4981,myC15,1.03624758163933,-1.6454975635056499,-2.6817451451449799
Kerr,4982,myC00,2.7124367036492401,-4.3524808709051701,-7.0649175745544106
Kerr,4982,myC01,2.5365672604612599,-1.9850247971863899,-4.5215920576476503
Kerr,4982,myC02,3.5821580623492801,-3.3912324050309599,-6.9733904673802396
Kerr,4982,myC03,1.9156427571524,-2.5293651187035899,-4.4450078758559899
Kerr,4982,myC04,-0.018489198555749702,-2.9035767684991902,-2.8850875699434404
Kerr,4982,myC05,2.2424287131828802,-3.6804770722503601,-5.9229057854332403
Kerr,4982,myC06,3.3144236459710199,-3.3080789170807501,-6.6225025630517695
Kerr,4982,myC07,0.86194668574502387,-2.0480521370814402,-2.9099988228264642
Kerr,4982,myC08,2.28556291894744,-4.9833877439647898,-7.2689506629122302
Kerr,4982,myC09,0.084123086499861596,-1.7832295541093199,-1.8673526406091816
Kerr,4982,myC10,2.6381977548134601,-2.7071988640473901,-5.3453966188608497
Kerr,4982,myC11,2.2921153573789401,-3.4157073800107902,-5.7078227373897299
Kerr,4982,myC12,2.09835037700114,-3.16213862753728,-5.2604890045384201
Kerr,4982,myC13,1.68632626911537,-4.9669903157720698,-6.65331658488744
Kerr,4982,myC14,-0.26248205476109687,-2.00194536921865,-1.7394633144575531
Kerr,4982,myC15,0.81952880590052601,-1.6096315405984301,-2.4291603464989562
Kerr,4985,myC00,3.0277038775063199,0.049588284441746601,-2.9781155930645733
Kerr,4985,myC01,2.2735737454249501,-0.15850715026086001,-2.43208089568581
Kerr,4985,myC02,1.4465193753598899,-0.975827788507176,-2.4223471638670659
Kerr,4985,myC03,1.5332321424887301,-1.87691003239766,-3.4101421748863903
Kerr,4985,myC04,1.0086651330285099,-0.43499613667292902,-1.443661269701439
Kerr,4985,myC05,2.0530420924103399,-3.4955798213893501,-5.5486219137996899
Kerr,4985,myC06,1.40921347619541,0.30498998635867092,-1.1042234898367391
Kerr,4985,myC07,0.44776231058121402,-0.72491658501474387,-1.1726788955959579
Kerr,4985,myC08,2.8460793725101099,-0.24171135414591291,-3.0877907266560229
Kerr,4985,myC09,0.50720564271316604,-1.4801551559789199,-1.987360798692086
Kerr,4985,myC10,0.087347561605063406,0.40064662038261101,0.3132990587775476
Kerr,4985,myC11,1.2805414455397499,-0.40443661741960002,-1.6849780629593498
Kerr,4985,myC12,2.53594297798998,0.49363867438116688,-2.0423043036088133
Kerr,4985,myC13,2.1577454914369998,0.227333091688082,-1.9304123997489178
Kerr,4985,myC14,1.7037864859890299,-2.8028739844847399,-4.5066604704737703
Kerr,4985,myC15,1.80881997458028,-1.4427930369733799,-3.2516130115536601
Kerr,4986,myC00,1.48892806831652,0.31681378527470988,-1.1721142830418101
Kerr,4986,myC01,-0.081350805910132801,-0.25975885498094903,-0.17840804907081623
Kerr,4986,myC02,0.158889119864664,-0.28243586990622388,-0.44132498977088785
Kerr,4986,myC03,2.4522052368281799,-0.043108745851927401,-2.4953139826801074
Kerr,4986,myC04,2.1000232362096698,-1.1597030473246399,-3.2597262835343095
Kerr,4986,myC05,4.8401538183884902,-1.63089237798083,-6.4710461963693202
Kerr,4986,myC06,1.7733292014544499,0.251946364900063,-1.5213828365543869
Kerr,4986,myC07,0.97766314427309398,-0.692551533868769,-1.670214678141863
Kerr,4986,myC08,3.8056280525668602,1.9551190251301001,-1.8505090274367602
Kerr,4986,myC09,2.4640947113396701,-0.59349245262331585,-3.0575871639629861
Kerr,4986,myC10,0.32330213732378987,-0.0068608302889014003,-0.33016296761269126
Kerr,4986,myC11,1.47661184528654,0.863671317078613,-0.61294052820792699
Kerr,4986,myC12,3.2242585887939299,0.78186229984083988,-2.4423962889530899
Kerr,4986,myC13,3.0155716687039602,-0.63889121125627801,-3.6544628799602381
Kerr,4986,myC14,4.0321503107363297,-0.154566510822683,-4.1867168215590125
Kerr,4986,myC15,1.7806351692560001,0.235186440434241,-1.5454487288217591
Kerr,4988,myC00,3.1803932202615601,-0.94021644935771798,-4.1206096696192782
Kerr,4988,myC01,3.4854439874667,-0.82498661988346,-4.3104306073501597
Kerr,4988,myC02,2.8051688079283199,-1.19712689186029,-4.0022956997886094
Kerr,4988,myC03,2.2101687533410699,-0.53393824742503504,-2.744107000766105
Kerr,4988,myC04,-0.75402305054414487,-1.0004015853466901,-0.24637853480254523
Kerr,4988,myC05,1.34484849048163,-1.6436383913169501,-2.9884868817985799
Kerr,4988,myC06,1.41721580847574,-0.93278784081576605,-2.350003649291506
Kerr,4988,myC07,1.6102119721666199,-0.204629547387776,-1.8148415195543959
Kerr,4988,myC08,4.35259381240407,-0.089363661915320206,-4.4419574743193904
Kerr,4988,myC09,0.23769790067600191,-1.2190637118246299,-1.4567616125006317
Kerr,4988,myC10,1.17743226247781,-0.87233554814305603,-2.0497678106208661
Kerr,4988,myC11,1.7393195516147499,-0.375798491290047,-2.1151180429047969
Kerr,4988,myC12,2.87441378259836,-0.22303329308324391,-3.0974470756816039
Kerr,4988,myC13,1.83752012700204,-0.72963223203346195,-2.5671523590355019
Kerr,4988,myC14,0.0772383300452055,-1.4922610477311999,-1.5694993777764055
Kerr,4988,myC15,2.0721983711935099,-1.0224585311380401,-3.09465690233155
Kerr,4990,myC00,1.7805640597635299,-2.57876646355782,-4.3593305233213497
Kerr,4990,myC01,2.46912770922102,-2.3690600367680101,-4.8381877459890301
Kerr,4990,myC02,1.9389606684337399,-1.0316452996802701,-2.9706059681140102
Kerr,4990,myC03,1.5577683500595201,-2.1898143454578398,-3.7475826955173597
Kerr,4990,myC04,0.70069784739506702,-1.1800878537250299,-1.880785701120097
Kerr,4990,myC05,4.3701606495061096,-3.0163568670439198,-7.386517516550029
Kerr,4990,myC06,1.79647176827912,-2.2667110598486202,-4.06318282812774
Kerr,4990,myC07,0.72821361739547485,-0.93160245296227084,-1.6598160703577456
Kerr,4990,myC08,1.9748212947939401,-1.87553594813667,-3.8503572429306101
Kerr,4990,myC09,1.9242211652176999,-2.2045303894063402,-4.1287515546240403
Kerr,4990,myC10,0.84613316166462604,-1.4332576834422099,-2.2793908451068359
Kerr,4990,myC11,1.47829384271377,-1.12259067590635,-2.6008845186201199
Kerr,4990,myC12,0.1810699120219269,-2.2411232672970902,-2.422193179319017
Kerr,4990,myC13,1.4330949184661901,-2.2749673457511101,-3.7080622642173005
Kerr,4990,myC14,3.3348491254382706,-1.8281429520710699,-5.1629920775093403
Kerr,4990,myC15,0.431818249431973,-0.99989638079043797,-1.4317146302224111
