group,unit,x,y
A,A-1,9.51432458453457,7.681568910567865
A,A-2,6.307813984488146,3.476220781831226
A,A-3,0.478214171307969,2.2308071051956926
A,A-4,0.8498106136834593,2.5979488554965537
A,A-5,0.5109310739384754,7.499835955568133
A,A-6,3.342887415919318,5.848370368241879
A,A-7,8.458812043037447,6.926622878559717
A,A-8,0.4820111231238444,4.5486036279858375
A,A-9,4.721396613026203,5.387510021036319
A,A-10,0.9215436298206392,2.2770976177430233
A,A-11,2.3132666794375787,0.1991338162680658
A,A-12,1.676466585054045,3.326900504707471
A,A-13,3.210806425269314,2.2477557203272776
A,A-14,0.1281845210730703,1.7401108323414745
A,A-15,0.9829649356162816,1.4131935559748512
A,A-16,7.459043961646028,5.31899999851474
A,A-17,3.556209251388691,3.389266145778784
A,A-18,4.9754611771268555,5.211901014315039
A,A-19,2.1479331408717695,3.7352067346506344
A,A-20,5.291911125130086,3.7663108258771487
A,A-21,2.880183582576671,3.127793893091554
A,A-22,9.076792076364796,6.655388343342806
A,A-23,0.6290750243237642,3.427019791565141
A,A-24,5.556884576739083,6.010331074445894
A,A-25,7.893140186579456,7.645170276396931
A,A-26,9.63554129387631,6.823979313326637
A,A-27,7.530292374468294,6.416745740100287
A,A-28,0.9990898419908844,2.324795906238885
A,A-29,1.219910142011874,4.01486710730472
A,A-30,3.5846875266403453,2.13520316611372
A,A-31,6.272842687217194,5.332595863993798
A,A-32,5.815272421429843,7.790107413870226
A,A-33,7.375545591570325,5.724496209773669
A,A-34,9.69831859624961,7.726318475484691
B,B-1,7.000412773043553,7.458343045421316
B,B-2,0.210129086399059,5.116864106143829
B,B-3,3.5687194508376296,5.41603570777553
B,B-4,1.5475730067548488,4.530036746886106
B,B-5,7.175779155524841,6.965612612574544
B,B-6,8.901114619719765,9.422792628333651
B,B-7,7.021771906200781,9.675800502819628
B,B-8,6.223215667354029,6.874044281706581
B,B-9,1.1539641285950986,2.627804517866795
B,B-10,8.771065966339997,12.49280280396697
B,B-11,0.2086680413374242,1.3914971787519796
B,B-12,9.545816750606289,11.87497381157549
B,B-13,6.366700852502303,5.029340391141479
B,B-14,1.289034232579762,3.1623009387204104
B,B-15,9.109109454910952,8.678274825959368
B,B-16,7.195205599279749,9.02024913678042
B,B-17,1.3710568332967876,1.1030056990057524
B,B-18,9.906042611050111,10.339666788935624
B,B-19,6.697202573807225,7.600722419069714
B,B-20,4.644211173187101,7.809372968444592
B,B-21,8.044303261574488,7.1125009984813685
B,B-22,5.878177438537898,6.125813515381075
B,B-23,0.5089097259523212,4.099910323006522
B,B-24,1.7662420054029515,3.8800444526396185
B,B-25,3.7958078541136953,4.497477493645919
B,B-26,7.0482198413781605,4.478422776358814
B,B-27,3.3542715366689446,4.591604707341628
B,B-28,1.5797997501510264,3.8433800746777536
B,B-29,0.1691379423818817,5.60457424396687
B,B-30,7.83962297529757,6.749821459664514
B,B-31,2.7286335283990457,4.935417038965049
B,B-32,4.31330799038988,5.968239723980538
B,B-33,8.775567020855416,6.431422651102148
B,B-34,2.252838948907679,4.788898460886717
