source_sheet,source_row,source_label,condition,condition_id,unit,replicate_ordinal,component,value,units,source_cell,display_condition,panel_condition
Fig. 1b,4,DMSO,DMSO,condition_3,condition_3_replicate_1,1,mutEJ,42.384222188096402,percent of cells,B4,DMSO,DMSO
Fig. 1b,4,DMSO,DMSO,condition_3,condition_3_replicate_2,2,mutEJ,46.815462392652897,percent of cells,C4,DMSO,DMSO
Fig. 1b,4,DMSO,DMSO,condition_3,condition_3_replicate_3,3,mutEJ,45.977950183748497,percent of cells,D4,DMSO,DMSO
Fig. 1b,5,NU-7441 1 µM,NU-7441 (1 µM),condition_4,condition_4_replicate_1,1,mutEJ,20.083275209773198,percent of cells,B5,"NU-7441
(1 µM)",NU
Fig. 1b,5,NU-7441 1 µM,NU-7441 (1 µM),condition_4,condition_4_replicate_2,2,mutEJ,21.212187302348902,percent of cells,C5,"NU-7441
(1 µM)",NU
Fig. 1b,5,NU-7441 1 µM,NU-7441 (1 µM),condition_4,condition_4_replicate_3,3,mutEJ,20.3072077319699,percent of cells,D5,"NU-7441
(1 µM)",NU
Fig. 1b,6,KU-0060548 0.25 µM,KU-0060548 (0.25 µM),condition_5,condition_5_replicate_1,1,mutEJ,9.7264068422587204,percent of cells,B6,"KU-0060548
(0.25 µM)",KU
Fig. 1b,6,KU-0060548 0.25 µM,KU-0060548 (0.25 µM),condition_5,condition_5_replicate_2,2,mutEJ,10.036532385466,percent of cells,C6,"KU-0060548
(0.25 µM)",KU
Fig. 1b,6,KU-0060548 0.25 µM,KU-0060548 (0.25 µM),condition_5,condition_5_replicate_3,3,mutEJ,10.228859194256099,percent of cells,D6,"KU-0060548
(0.25 µM)",KU
Fig. 1b,7,L755507 5 µM,L755507 (5 µM),condition_6,condition_6_replicate_1,1,mutEJ,40.936948421259103,percent of cells,B7,"L755507
(5 µM)",L755
Fig. 1b,7,L755507 5 µM,L755507 (5 µM),condition_6,condition_6_replicate_2,2,mutEJ,38.6689318954055,percent of cells,C7,"L755507
(5 µM)",L755
Fig. 1b,7,L755507 5 µM,L755507 (5 µM),condition_6,condition_6_replicate_3,3,mutEJ,36.9349157561753,percent of cells,D7,"L755507
(5 µM)",L755
Fig. 1b,8,SCR7 pyrazine 1 µM,SCR7 pyrazine (1 µM),condition_7,condition_7_replicate_1,1,mutEJ,36.848423194303201,percent of cells,B8,"SCR7 pyrazine
(1 µM)",SCR7
Fig. 1b,8,SCR7 pyrazine 1 µM,SCR7 pyrazine (1 µM),condition_7,condition_7_replicate_2,2,mutEJ,44.949950401298601,percent of cells,C8,"SCR7 pyrazine
(1 µM)",SCR7
Fig. 1b,8,SCR7 pyrazine 1 µM,SCR7 pyrazine (1 µM),condition_7,condition_7_replicate_3,3,mutEJ,41.2531095838428,percent of cells,D8,"SCR7 pyrazine
(1 µM)",SCR7
