source_row,source_sheet,panel,effect,exposure,outcome,estimate,ci_low,ci_high,ci_level,effect_measure,null_value,effect_direction,n
2,fig3,a,Total effect,Dense area,Overall breast cancer,1.38042804877816,1.00214071088489,1.9015110125312,0.95,odds ratio,1,ok,
3,fig3,a,Total effect,Dense area,ER+ breast cancer,1.38075243932651,1.00091031326009,1.90474338554517,0.95,odds ratio,1,ok,
4,fig3,a,Total effect,Dense area,ER- breast cancer,1.25236555751713,0.90748896347518,1.72830695774968,0.95,odds ratio,1,overlaps null,
5,fig3,a,Total effect,Dense area,Luminal A subtype,1.35314774414078,0.968776807421406,1.89002131703265,0.95,odds ratio,1,overlaps null,
6,fig3,a,Total effect,Dense area,Luminal B2 subtype,1.43974743316036,1.11474535831692,1.85950329896106,0.95,odds ratio,1,ok,
7,fig3,a,Total effect,Dense area,Luminal B1 subtype,1.51351567897424,1.02301597769133,2.2391925057421,0.95,odds ratio,1,ok,
8,fig3,a,Total effect,Dense area,HER2-enriched subtype,1.44078169466026,1.01869054580613,2.03776495248161,0.95,odds ratio,1,ok,
9,fig3,a,Total effect,Dense area,Triple-negative subtype,1.15350537181904,0.82473021042258,1.6133453413009,0.95,odds ratio,1,overlaps null,
10,fig3,a,Total effect,Non-dense area,Overall breast cancer,0.754728647920833,0.441642997743691,1.28976420978599,0.95,odds ratio,1,overlaps null,
11,fig3,a,Total effect,Non-dense area,ER+ breast cancer,0.789831749325305,0.481508915627147,1.29558180959069,0.95,odds ratio,1,overlaps null,
12,fig3,a,Total effect,Non-dense area,ER- breast cancer,0.768298933252978,0.385098589630928,1.53281073141135,0.95,odds ratio,1,overlaps null,
13,fig3,a,Total effect,Non-dense area,Luminal A subtype,0.679042894104715,0.39476075981313,1.16804733138213,0.95,odds ratio,1,overlaps null,
14,fig3,a,Total effect,Non-dense area,Luminal B2 subtype,0.743388921746669,0.459199798709258,1.20345673175169,0.95,odds ratio,1,overlaps null,
15,fig3,a,Total effect,Non-dense area,Luminal B1 subtype,0.543603659225408,0.316802430139471,0.932773584448703,0.95,odds ratio,1,ok,
16,fig3,a,Total effect,Non-dense area,HER2-enriched subtype,0.717172720728623,0.361799621778786,1.42160654792441,0.95,odds ratio,1,overlaps null,
17,fig3,a,Total effect,Non-dense area,Triple-negative subtype,0.680880365169269,0.342806200829613,1.35236197755787,0.95,odds ratio,1,overlaps null,
18,fig3,a,Total effect,Percent density,Overall breast cancer,1.36664836768399,0.865588076839459,2.15775587819207,0.95,odds ratio,1,overlaps null,
19,fig3,a,Total effect,Percent density,ER+ breast cancer,1.34725131692952,0.843951367327644,2.15069988773851,0.95,odds ratio,1,overlaps null,
20,fig3,a,Total effect,Percent density,ER- breast cancer,1.28806142015453,0.803373406176543,2.06516945835511,0.95,odds ratio,1,overlaps null,
21,fig3,a,Total effect,Percent density,Luminal A subtype,1.30340548158715,0.814267169210947,2.08637399820219,0.95,odds ratio,1,overlaps null,
22,fig3,a,Total effect,Percent density,Luminal B2 subtype,1.36437084452168,0.922141724289323,2.0186786394634,0.95,odds ratio,1,overlaps null,
23,fig3,a,Total effect,Percent density,Luminal B1 subtype,1.50975685797267,0.894710314926442,2.54760198040513,0.95,odds ratio,1,overlaps null,
24,fig3,a,Total effect,Percent density,HER2-enriched subtype,1.41504173263723,0.791393779260381,2.53014764277818,0.95,odds ratio,1,overlaps null,
25,fig3,a,Total effect,Percent density,Triple-negative subtype,1.21580689276259,0.782778066495292,1.88838505287617,0.95,odds ratio,1,overlaps null,
26,fig3,b,Direct effect,Dense area,ER- breast cancer,1.30444309065947,1.1174559898832,1.52271927679862,0.95,odds ratio,1,ok,
27,fig3,b,Direct effect,Dense area,ER+ breast cancer,1.43727118333922,1.24362491165576,1.66107033969511,0.95,odds ratio,1,ok,
28,fig3,b,Direct effect,Dense area,Overall breast cancer,1.44776343738655,1.2642916328834,1.65786035129652,0.95,odds ratio,1,ok,
29,fig3,b,Direct effect,Dense area,HER2-enriched subtype,1.35098154054232,1.05599616597805,1.72836908095747,0.95,odds ratio,1,ok,
30,fig3,b,Direct effect,Dense area,Luminal A subtype,1.43775384325334,1.23972779341657,1.66741128557981,0.95,odds ratio,1,ok,
31,fig3,b,Direct effect,Dense area,Luminal B1 subtype,1.50913418725136,1.22909470020737,1.85297845214578,0.95,odds ratio,1,ok,
32,fig3,b,Direct effect,Dense area,Luminal B2 subtype,1.40502311697964,1.20289568810967,1.64111483544299,0.95,odds ratio,1,ok,
33,fig3,b,Direct effect,Dense area,Triple-negative subtype,1.23355732762002,1.03377958112549,1.47194209317657,0.95,odds ratio,1,ok,
34,fig3,b,Direct effect,Non-dense area,ER- breast cancer,0.920148009030628,0.723804466487532,1.16975287902235,0.95,odds ratio,1,overlaps null,
35,fig3,b,Direct effect,Non-dense area,ER+ breast cancer,1.01184152874109,0.842899692922841,1.21464426654954,0.95,odds ratio,1,overlaps null,
36,fig3,b,Direct effect,Non-dense area,Overall breast cancer,0.962738684674459,0.805448279995967,1.15074524086556,0.95,odds ratio,1,overlaps null,
37,fig3,b,Direct effect,Non-dense area,HER2-enriched subtype,1.18961954792211,0.820710997227069,1.72435202352585,0.95,odds ratio,1,overlaps null,
38,fig3,b,Direct effect,Non-dense area,Luminal A subtype,0.858434167579844,0.698834484208503,1.05448319554969,0.95,odds ratio,1,overlaps null,
39,fig3,b,Direct effect,Non-dense area,Luminal B1 subtype,0.744819260619351,0.564557003693743,0.982639002545256,0.95,odds ratio,1,ok,
40,fig3,b,Direct effect,Non-dense area,Luminal B2 subtype,0.892386462379496,0.705298962051425,1.12910076589639,0.95,odds ratio,1,overlaps null,
41,fig3,b,Direct effect,Non-dense area,Triple-negative subtype,0.734278145989041,0.558783785675245,0.964889120799319,0.95,odds ratio,1,ok,
42,fig3,b,Direct effect,Percent density,ER- breast cancer,1.16246983583147,0.950614457080852,1.42153962539949,0.95,odds ratio,1,overlaps null,
43,fig3,b,Direct effect,Percent density,ER+ breast cancer,1.12248925052134,0.930877759775465,1.35354197079527,0.95,odds ratio,1,overlaps null,
44,fig3,b,Direct effect,Percent density,Overall breast cancer,1.15947528838315,0.972791039199689,1.38198532901496,0.95,odds ratio,1,overlaps null,
45,fig3,b,Direct effect,Percent density,HER2-enriched subtype,1.04678854669683,0.74375124437139,1.47329671014103,0.95,odds ratio,1,overlaps null,
46,fig3,b,Direct effect,Percent density,Luminal A subtype,1.10560825717359,0.912731732160298,1.33924303851829,0.95,odds ratio,1,overlaps null,
47,fig3,b,Direct effect,Percent density,Luminal B1 subtype,1.10741664369225,0.856077854796963,1.43254683654615,0.95,odds ratio,1,overlaps null,
48,fig3,b,Direct effect,Percent density,Luminal B2 subtype,1.19012242433395,0.961968983380373,1.4723877893914,0.95,odds ratio,1,overlaps null,
49,fig3,b,Direct effect,Percent density,Triple-negative subtype,1.12914889154784,0.90447922084584,1.40962577127133,0.95,odds ratio,1,overlaps null,
