source_sheet,source_row,source_label,condition,condition_id,unit,replicate_ordinal,component,value,units,source_cell,display_condition,panel_condition,_easyviz_source_value_text,_easyviz_source_row
Fig. 1b,4,DMSO,DMSO,condition_3,condition_3_replicate_1,1,mutEJ,42.3842221880964,percent of cells,B4,DMSO,DMSO,42.384222188096402,1
Fig. 1b,4,DMSO,DMSO,condition_3,condition_3_replicate_2,2,mutEJ,46.8154623926529,percent of cells,C4,DMSO,DMSO,46.815462392652897,2
Fig. 1b,4,DMSO,DMSO,condition_3,condition_3_replicate_3,3,mutEJ,45.9779501837485,percent of cells,D4,DMSO,DMSO,45.977950183748497,3
Fig. 1b,5,NU-7441 1 µM,NU-7441 (1 µM),condition_4,condition_4_replicate_1,1,mutEJ,20.0832752097732,percent of cells,B5,"NU-7441
(1 µM)",NU,20.083275209773198,4
Fig. 1b,5,NU-7441 1 µM,NU-7441 (1 µM),condition_4,condition_4_replicate_2,2,mutEJ,21.212187302348905,percent of cells,C5,"NU-7441
(1 µM)",NU,21.212187302348902,5
Fig. 1b,5,NU-7441 1 µM,NU-7441 (1 µM),condition_4,condition_4_replicate_3,3,mutEJ,20.3072077319699,percent of cells,D5,"NU-7441
(1 µM)",NU,20.3072077319699,6
Fig. 1b,6,KU-0060548 0.25 µM,KU-0060548 (0.25 µM),condition_5,condition_5_replicate_1,1,mutEJ,9.72640684225872,percent of cells,B6,"KU-0060548
(0.25 µM)",KU,9.7264068422587204,7
Fig. 1b,6,KU-0060548 0.25 µM,KU-0060548 (0.25 µM),condition_5,condition_5_replicate_2,2,mutEJ,10.036532385466,percent of cells,C6,"KU-0060548
(0.25 µM)",KU,10.036532385466,8
Fig. 1b,6,KU-0060548 0.25 µM,KU-0060548 (0.25 µM),condition_5,condition_5_replicate_3,3,mutEJ,10.2288591942561,percent of cells,D6,"KU-0060548
(0.25 µM)",KU,10.228859194256099,9
Fig. 1b,7,L755507 5 µM,L755507 (5 µM),condition_6,condition_6_replicate_1,1,mutEJ,40.9369484212591,percent of cells,B7,"L755507
(5 µM)",L755,40.936948421259103,10
Fig. 1b,7,L755507 5 µM,L755507 (5 µM),condition_6,condition_6_replicate_2,2,mutEJ,38.6689318954055,percent of cells,C7,"L755507
(5 µM)",L755,38.6689318954055,11
Fig. 1b,7,L755507 5 µM,L755507 (5 µM),condition_6,condition_6_replicate_3,3,mutEJ,36.9349157561753,percent of cells,D7,"L755507
(5 µM)",L755,36.9349157561753,12
Fig. 1b,8,SCR7 pyrazine 1 µM,SCR7 pyrazine (1 µM),condition_7,condition_7_replicate_1,1,mutEJ,36.8484231943032,percent of cells,B8,"SCR7 pyrazine
(1 µM)",SCR7,36.848423194303201,13
Fig. 1b,8,SCR7 pyrazine 1 µM,SCR7 pyrazine (1 µM),condition_7,condition_7_replicate_2,2,mutEJ,44.9499504012986,percent of cells,C8,"SCR7 pyrazine
(1 µM)",SCR7,44.949950401298601,14
Fig. 1b,8,SCR7 pyrazine 1 µM,SCR7 pyrazine (1 µM),condition_7,condition_7_replicate_3,3,mutEJ,41.2531095838428,percent of cells,D8,"SCR7 pyrazine
(1 µM)",SCR7,41.2531095838428,15
