source_sheet,source_row,source_label,condition,condition_id,unit,replicate_ordinal,HDR_percent,both_percent,mutEJ_percent,HDR_mutEJ_ratio,ratio_state,source_cells,display_condition,treatment_label,replicate_id,mutEJ_supplied_percent
Fig. 1b,4,DMSO,DMSO,condition_3,condition_3_replicate_1,1,3.2402430730754901,3.8786389662812901,42.384222188096402,0.15387898330804201,interpretable,H4|E4|B4|K4,DMSO,DMSO,condition_3_replicate_1,42.384222188096402
Fig. 1b,4,DMSO,DMSO,condition_3,condition_3_replicate_2,2,3.47042850519902,4.1790847075965303,46.815462392652897,0.15000649378761,interpretable,I4|F4|C4|L4,DMSO,DMSO,condition_3_replicate_2,46.815462392652897
Fig. 1b,4,DMSO,DMSO,condition_3,condition_3_replicate_3,3,3.35024985902895,4.1630208637150199,45.977950183748497,0.14984294411912999,interpretable,J4|G4|D4|M4,DMSO,DMSO,condition_3_replicate_3,45.977950183748497
Fig. 1b,5,NU-7441 1 µM,NU-7441 (1 µM),condition_4,condition_4_replicate_1,1,10.3629023735548,3.6945448396846499,20.083275209773198,0.59119999999999995,interpretable,H5|E5|B5|K5,"NU-7441
(1 µM)","NU-7441
(1 µM)",condition_4_replicate_1,20.083275209773198
Fig. 1b,5,NU-7441 1 µM,NU-7441 (1 µM),condition_4,condition_4_replicate_2,2,11.2254912651851,3.9126736603345602,21.212187302348902,0.60251736111111098,interpretable,I5|F5|C5|L5,"NU-7441
(1 µM)","NU-7441
(1 µM)",condition_4_replicate_2,21.212187302348902
Fig. 1b,5,NU-7441 1 µM,NU-7441 (1 µM),condition_4,condition_4_replicate_3,3,10.9140724440705,3.6222035251224298,20.3072077319699,0.607464839523981,interpretable,J5|G5|D5|M5,"NU-7441
(1 µM)","NU-7441
(1 µM)",condition_4_replicate_3,20.3072077319699
Fig. 1b,6,KU-0060548 0.25 µM,KU-0060548 (0.25 µM),condition_5,condition_5_replicate_1,1,12.710175916026801,1.90980658956167,9.7264068422587204,1.2564209647108,interpretable,H6|E6|B6|K6,"KU-0060548
(0.25 µM)","KU-0060548
(0.25 µM)",condition_5_replicate_1,9.7264068422587204
Fig. 1b,6,KU-0060548 0.25 µM,KU-0060548 (0.25 µM),condition_5,condition_5_replicate_2,2,13.334320695102701,1.9821287519747199,10.036532385466,1.27438899157938,interpretable,I6|F6|C6|L6,"KU-0060548
(0.25 µM)","KU-0060548
(0.25 µM)",condition_5_replicate_2,10.036532385466
Fig. 1b,6,KU-0060548 0.25 µM,KU-0060548 (0.25 µM),condition_5,condition_5_replicate_3,3,13.372556840845601,1.8797367371360201,10.228859194256099,1.25962528309656,interpretable,J6|G6|D6|M6,"KU-0060548
(0.25 µM)","KU-0060548
(0.25 µM)",condition_5_replicate_3,10.228859194256099
Fig. 1b,8,SCR7 pyrazine 1 µM,SCR7 pyrazine (1 µM),condition_7,condition_7_replicate_1,1,3.3733468972533101,4.1912512716175003,36.848423194303201,0.18432402954737001,interpretable,H8|E8|B8|K8,"SCR7 pyrazine
(1 µM)","SCR7 pyrazine
(1 µM)",condition_7_replicate_1,36.848423194303201
Fig. 1b,8,SCR7 pyrazine 1 µM,SCR7 pyrazine (1 µM),condition_7,condition_7_replicate_2,2,3.8371359004418801,4.4458472359996399,44.949950401298601,0.16768598813327201,interpretable,I8|F8|C8|L8,"SCR7 pyrazine
(1 µM)","SCR7 pyrazine
(1 µM)",condition_7_replicate_2,44.949950401298601
Fig. 1b,8,SCR7 pyrazine 1 µM,SCR7 pyrazine (1 µM),condition_7,condition_7_replicate_3,3,3.5754943711261999,4.43352869249905,41.2531095838428,0.17530340085828999,interpretable,J8|G8|D8|M8,"SCR7 pyrazine
(1 µM)","SCR7 pyrazine
(1 µM)",condition_7_replicate_3,41.2531095838428
