source_row,source_id,cohort,bmi,study,body_mass_index,subject_key,_easyviz_jitter_position,_easyviz_point_offset_pt
2,1,Kerr,20.003,Kerr,20.003,Kerr:1,2.2800000000000002,13.303937007874016
3,2,Kerr,53,Kerr,53.0,Kerr:2,2.2800000000000002,13.303937007874016
4,3,Kerr,48.6,Kerr,48.6,Kerr:3,2.2800000000000002,13.303937007874016
5,4,Kerr,44.1,Kerr,44.1,Kerr:4,2.2395823176119336,11.383528791820087
6,5,Kerr,37.6,Kerr,37.6,Kerr:5,2.2395823176119336,11.383528791820087
7,6,Kerr,26.786,Kerr,26.786,Kerr:6,2.2579393755813215,12.255747159229474
8,7,Kerr,21.862,Kerr,21.862,Kerr:7,2.2800000000000002,13.303937007874016
9,8,Kerr,54.9,Kerr,54.9,Kerr:8,2.2800000000000002,13.303937007874016
10,9,Kerr,37.9,Kerr,37.9,Kerr:9,2.35487165965663,16.861393592683953
11,10,Kerr,37.4,Kerr,37.4,Kerr:10,2.2800000000000002,13.303937007874016
12,11,Kerr,37.7,Kerr,37.7,Kerr:11,2.3144539772685633,14.940985376630039
13,12,Kerr,44.2,Kerr,44.2,Kerr:12,2.3144539772685633,14.940985376630039
14,13,Kerr,38.9,Kerr,38.9,Kerr:13,2.239582317611933,11.383528791820074
15,14,Kerr,24.239,Kerr,24.239,Kerr:14,2.3549247829871733,16.86391769783823
16,15,Kerr,45.3,Kerr,45.3,Kerr:15,2.303705675472822,14.430289912229451
17,16,Kerr,43.8,Kerr,43.8,Kerr:16,2.201939870073553,9.594983252988616
18,17,Kerr,38.7,Kerr,38.7,Kerr:17,2.2800000000000002,13.303937007874016
19,18,Kerr,31.697,Kerr,31.697,Kerr:18,2.2800000000000002,13.303937007874016
20,19,Kerr,27.475,Kerr,27.475,Kerr:19,2.2800000000000002,13.303937007874016
21,20,Kerr,43.4,Kerr,43.4,Kerr:20,2.2800000000000002,13.303937007874016
22,21,Kerr,43.9,Kerr,43.9,Kerr:21,2.2800000000000002,13.303937007874016
23,22,Kerr,39.5,Kerr,39.5,Kerr:22,2.2800000000000002,13.303937007874016
24,23,Kerr,34.207,Kerr,34.207,Kerr:23,2.321209648498533,15.261974749806567
25,24,Kerr,28.04,Kerr,28.04,Kerr:24,2.2800000000000002,13.303937007874016
26,25,Kerr,43.4,Kerr,43.4,Kerr:25,2.3246183712121216,15.423937007874017
27,26,Kerr,41.3,Kerr,41.3,Kerr:26,2.344123357860887,16.3506981282833
28,27,Kerr,22.534,Kerr,22.534,Kerr:27,2.3246183712121216,15.423937007874017
29,28,Kerr,21.981,Kerr,21.981,Kerr:28,2.3231779779444643,15.35549807466161
30,29,Kerr,45.6,Kerr,45.6,Kerr:29,2.382778023953505,18.18733828098543
31,30,Kerr,26.346,Kerr,26.346,Kerr:30,2.2800000000000002,13.303937007874016
32,31,Kerr,24.007,Kerr,24.007,Kerr:31,2.316064298254959,15.017498265792415
33,32,Kerr,26.754,Kerr,26.754,Kerr:32,2.302455153386754,14.370872529872301
34,33,Kerr,45.9,Kerr,45.9,Kerr:33,2.192787694684234,9.160126235615344
35,34,Kerr,49.96,Kerr,49.96,Kerr:34,2.2800000000000002,13.303937007874016
36,35,Kerr,45.9,Kerr,45.9,Kerr:35,2.148169323472113,7.040126235615344
37,36,Kerr,45.4,Kerr,45.4,Kerr:36,2.2600995228149383,12.3583845261001
38,37,Kerr,34.8,Kerr,34.8,Kerr:37,2.314453977268564,14.940985376630074
39,38,Kerr,42.1,Kerr,42.1,Kerr:38,2.2800000000000002,13.303937007874016
40,39,Kerr,52.2,Kerr,52.2,Kerr:39,2.2800000000000002,13.303937007874016
41,40,Kerr,47.6,Kerr,47.6,Kerr:40,2.2800000000000002,13.303937007874016
42,41,Kerr,26.927,Kerr,26.927,Kerr:41,2.343970519185126,16.343436142159412
43,42,Kerr,43.8,Kerr,43.8,Kerr:42,2.348324046684941,16.55028991222936
44,43,Kerr,30.346,Kerr,30.346,Kerr:43,2.2800000000000002,13.303937007874016
45,44,Kerr,41.7,Kerr,41.7,Kerr:44,2.30370567547282,14.43028991222936
46,45,Kerr,22.534,Kerr,22.534,Kerr:45,2.2800000000000002,13.303937007874016
47,46,Kerr,42.5,Kerr,42.5,Kerr:46,2.3037056754728207,14.430289912229407
48,47,Kerr,40.9,Kerr,40.9,Kerr:47,2.3204176823880673,15.224345223927957
49,48,Kerr,40.1,Kerr,40.1,Kerr:48,2.2800000000000002,13.303937007874016
50,49,Kerr,31.195,Kerr,31.195,Kerr:49,2.2800000000000002,13.303937007874016
51,50,Kerr,44.9,Kerr,44.9,Kerr:50,2.2800000000000002,13.303937007874016
52,51,Kerr,23.451,Kerr,23.451,Kerr:51,2.2394944753320907,11.37935504839988
53,52,Kerr,23.253,Kerr,23.253,Kerr:52,2.2800000000000002,13.303937007874016
54,53,Kerr,32.443,Kerr,32.443,Kerr:53,2.2800000000000002,13.303937007874016
55,54,Kerr,34.034,Kerr,34.034,Kerr:54,2.2353880339637153,11.184241343787763
56,55,Kerr,40.9,Kerr,40.9,Kerr:55,2.239582317611933,11.383528791820074
57,56,Kerr,45.5,Kerr,45.5,Kerr:56,2.2164933701570546,10.286479139970735
58,57,Kerr,35.513,Kerr,35.513,Kerr:57,2.2459403091121986,11.685622786163393
59,58,Kerr,35.208,Kerr,35.208,Kerr:58,2.2800000000000002,13.303937007874016
60,59,Kerr,28.15,Kerr,28.15,Kerr:59,2.236609413179554,11.24227403003866
61,60,Kerr,34.026,Kerr,34.026,Kerr:60,2.2800000000000002,13.303937007874016
62,61,Kerr,46.1,Kerr,46.1,Kerr:61,2.2395823176119336,11.383528791820101
63,62,Kerr,45.9,Kerr,45.9,Kerr:62,2.2800000000000002,13.303937007874016
64,63,Kerr,41.3,Kerr,41.3,Kerr:63,2.2800000000000002,13.303937007874016
65,64,Kerr,45.6,Kerr,45.6,Kerr:64,2.3381596527413837,16.067338280985428
66,65,Kerr,36.4,Kerr,36.4,Kerr:65,2.2800000000000002,13.303937007874016
67,66,Kerr,40.7,Kerr,40.7,Kerr:66,2.2800000000000002,13.303937007874016
68,67,Kerr,41.5,Kerr,41.5,Kerr:67,2.239582317611933,11.383528791820074
69,68,Kerr,24.022,Kerr,24.022,Kerr:68,2.1998150175977584,9.494022883385043
70,69,Kerr,44.2,Kerr,44.2,Kerr:69,2.3720297221577598,17.67664281658466
71,70,Kerr,24.014,Kerr,24.014,Kerr:70,2.2444269836340434,11.613718547471295
72,71,Kerr,23.729,Kerr,23.729,Kerr:71,2.2800000000000002,13.303937007874016
73,72,Kerr,43.5,Kerr,43.5,Kerr:72,2.236393847342117,11.232031621744664
74,73,Kerr,41.7,Kerr,41.7,Kerr:73,2.1991646352238665,9.463120575766158
75,74,Kerr,37.9,Kerr,37.9,Kerr:74,2.274036294880496,13.020577160576087
76,75,Kerr,34.5,Kerr,34.5,Kerr:75,2.2800000000000002,13.303937007874016
77,76,Kerr,46.1,Kerr,46.1,Kerr:76,2.320417682388067,15.22434522392793
78,77,Kerr,35.6,Kerr,35.6,Kerr:77,2.304870486799067,14.485634828338117
79,78,Krieg,39.31,Krieg,39.31,Krieg:78,0.28,13.303937007874016
80,79,Krieg,42.97,Krieg,42.97,Krieg:79,0.28,13.303937007874016
81,80,Krieg,39.68,Krieg,39.68,Krieg:80,0.3077172838608443,14.620897716852712
82,81,Krieg,58.14,Krieg,58.14,Krieg:81,0.28,13.303937007874016
83,82,Krieg,49.69,Krieg,49.69,Krieg:82,0.28,13.303937007874016
84,83,Krieg,44.59,Krieg,44.59,Krieg:83,0.26087870474856906,12.395406623824023
85,84,Krieg,44.41,Krieg,44.41,Krieg:84,0.3021274495733834,14.355301990978305
86,85,Krieg,49.86,Krieg,49.86,Krieg:85,0.23837410872278347,11.32612188127151
87,86,Krieg,43.5,Krieg,43.5,Krieg:86,0.27935907619780265,13.273484115405155
88,87,Krieg,33.61,Krieg,33.61,Krieg:87,0.28,13.303937007874016
89,88,Krieg,48.1,Krieg,48.1,Krieg:88,0.28,13.303937007874016
90,89,Krieg,53.59,Krieg,53.59,Krieg:89,0.28,13.303937007874016
91,90,Krieg,57.28,Krieg,57.28,Krieg:90,0.28,13.303937007874016
92,91,Krieg,48.79,Krieg,48.79,Krieg:91,0.28,13.303937007874016
93,92,Krieg,43.24,Krieg,43.24,Krieg:92,0.31660305758570784,15.043096909359164
94,93,Krieg,54.57,Krieg,54.57,Krieg:93,0.28,13.303937007874016
95,94,Krieg,49.07,Krieg,49.07,Krieg:94,0.24407413954234924,11.596953491865952
96,95,Krieg,44,Krieg,44.0,Krieg:95,0.28,13.303937007874016
97,96,Krieg,45.72,Krieg,45.72,Krieg:96,0.28,13.303937007874016
98,97,Krieg,47.21,Krieg,47.21,Krieg:97,0.28,13.303937007874016
99,98,Krieg,42.46,Krieg,42.46,Krieg:98,0.28,13.303937007874016
100,99,Krieg,54,Krieg,54.0,Krieg:99,0.25787255042661356,12.252572024769577
101,100,Krieg,52.8,Krieg,52.8,Krieg:100,0.28,13.303937007874016
102,101,"Arner, E",27.7,"Arner, E",27.7,"Arner, E:101",3.2800000000000002,13.303937007874016
103,102,"Arner, E",24.24,"Arner, E",24.24,"Arner, E:102",3.2415758324797705,11.478248778341397
104,103,"Arner, E",24.6,"Arner, E",24.6,"Arner, E:103",3.2800000000000002,13.303937007874016
105,104,"Arner, E",33.2,"Arner, E",33.2,"Arner, E:104",3.2800000000000002,13.303937007874016
106,105,"Arner, E",20.4,"Arner, E",20.4,"Arner, E:105",3.2800000000000002,13.303937007874016
107,106,"Arner, E",26.3,"Arner, E",26.3,"Arner, E:106",3.2800000000000002,13.303937007874016
108,107,"Arner, E",30.5,"Arner, E",30.5,"Arner, E:107",3.2800000000000002,13.303937007874016
109,108,"Arner, E",25.8,"Arner, E",25.8,"Arner, E:108",3.320417682388067,15.224345223927944
110,109,"Arner, E",23.5,"Arner, E",23.5,"Arner, E:109",3.2800000000000002,13.303937007874016
111,110,"Arner, E",22.1,"Arner, E",22.1,"Arner, E:110",3.2800000000000002,13.303937007874016
112,111,"Arner, E",24,"Arner, E",24.0,"Arner, E:111",3.2800000000000002,13.303937007874016
113,112,"Arner, E",22.7,"Arner, E",22.7,"Arner, E:112",3.344123357860887,16.350698128283298
114,113,"Arner, E",22.5,"Arner, E",22.5,"Arner, E:113",3.30370567547282,14.43028991222936
115,114,"Arner, E",24.2,"Arner, E",24.2,"Arner, E:114",3.3204176823880673,15.224345223927951
116,115,"Arner, E",25.6,"Arner, E",25.6,"Arner, E:115",3.2800000000000002,13.303937007874016
117,116,"Arner, E",24.8,"Arner, E",24.8,"Arner, E:116",3.2395823176119336,11.383528791820087
118,117,"Arner, E",31,"Arner, E",31.0,"Arner, E:117",3.2800000000000002,13.303937007874016
119,118,"Arner, E",24.4,"Arner, E",24.4,"Arner, E:118",3.1995974493567556,9.48368533276641
120,119,"Arner, E",39.1,"Arner, E",39.1,"Arner, E:119",3.2800000000000002,13.303937007874016
121,120,"Arner, E",52.6,"Arner, E",52.6,"Arner, E:120",3.2800000000000002,13.303937007874016
122,121,"Arner, E",22.4,"Arner, E",22.4,"Arner, E:121",3.245546022731437,11.666888639118003
123,122,"Arner, E",23.7,"Arner, E",23.7,"Arner, E:122",3.320417682388067,15.224345223927944
124,123,"Arner, E",39.9,"Arner, E",39.9,"Arner, E:123",3.2800000000000002,13.303937007874016
125,124,"Arner, E",46.4,"Arner, E",46.4,"Arner, E:124",3.314453977268563,14.940985376630016
126,125,"Arner, E",40.9,"Arner, E",40.9,"Arner, E:125",3.2800000000000002,13.303937007874016
127,126,"Arner, E",26.6,"Arner, E",26.6,"Arner, E:126",3.3144539772685633,14.940985376630028
128,127,"Arner, E",32.1,"Arner, E",32.1,"Arner, E:127",3.2800000000000002,13.303937007874016
129,128,"Arner, E",41.4,"Arner, E",41.4,"Arner, E:128",3.260099522814936,12.358384526099996
130,129,"Arner, E",23.6,"Arner, E",23.6,"Arner, E:129",3.2363938473421165,11.232031621744657
131,130,"Arner, E",31.2,"Arner, E",31.2,"Arner, E:130",3.320417682388067,15.224345223927944
132,131,"Arner, E",34.7,"Arner, E",34.7,"Arner, E:131",3.2800000000000002,13.303937007874016
133,132,"Arner, E",25.7,"Arner, E",25.7,"Arner, E:132",3.2363938473421165,11.232031621744653
134,133,"Arner, E",36.1,"Arner, E",36.1,"Arner, E:133",3.2800000000000002,13.303937007874016
135,134,"Arner, E",31.2,"Arner, E",31.2,"Arner, E:134",3.2395823176119336,11.383528791820087
136,135,"Arner, E",48.7,"Arner, E",48.7,"Arner, E:135",3.2800000000000002,13.303937007874016
137,136,"Arner, E",23,"Arner, E",23.0,"Arner, E:136",3.2363938473421165,11.232031621744657
138,137,"Arner, E",26.8,"Arner, E",26.8,"Arner, E:137",3.274036294880496,13.020577160576092
139,138,"Arner, E",22.9,"Arner, E",22.9,"Arner, E:138",3.2800000000000002,13.303937007874016
140,139,"Arner, E",43.4,"Arner, E",43.4,"Arner, E:139",3.235381628787879,11.183937007874015
141,140,"Arner, E",32.7,"Arner, E",32.7,"Arner, E:140",3.2800000000000002,13.303937007874016
142,141,"Arner, E",36.9,"Arner, E",36.9,"Arner, E:141",3.2800000000000002,13.303937007874016
143,142,"Arner, E",42.5,"Arner, E",42.5,"Arner, E:142",3.2800000000000002,13.303937007874016
144,143,"Arner, E",25.1,"Arner, E",25.1,"Arner, E:143",3.2800000000000002,13.303937007874016
145,144,"Arner, E",49.96,"Arner, E",49.96,"Arner, E:144",3.2800000000000002,13.303937007874016
146,145,"Arner, E",41.5,"Arner, E",41.5,"Arner, E:145",3.216493370157053,10.286479139970632
147,146,"Arner, E",20.4,"Arner, E",20.4,"Arner, E:146",3.235381628787879,11.183937007874015
148,147,"Arner, E",41.3,"Arner, E",41.3,"Arner, E:147",3.30370567547282,14.43028991222936
149,148,"Arner, E",42.5,"Arner, E",42.5,"Arner, E:148",3.235381628787879,11.183937007874015
150,149,"Arner, E",43.4,"Arner, E",43.4,"Arner, E:149",3.2800000000000002,13.303937007874016
151,150,"Arner, E",38.6,"Arner, E",38.6,"Arner, E:150",3.2800000000000002,13.303937007874016
152,151,"Arner, E",48.9,"Arner, E",48.9,"Arner, E:151",3.320417682388068,15.22434522392797
153,152,"Arner, E",53,"Arner, E",53.0,"Arner, E:152",3.30370567547282,14.43028991222936
154,153,"Arner, E",45.6,"Arner, E",45.6,"Arner, E:153",3.2800000000000002,13.303937007874016
155,154,"Arner, E",46.1,"Arner, E",46.1,"Arner, E:154",3.2800000000000002,13.303937007874016
156,155,"Arner, E",51,"Arner, E",51.0,"Arner, E:155",3.2800000000000002,13.303937007874016
157,156,"Arner, E",23.7,"Arner, E",23.7,"Arner, E:156",3.365036053600188,17.344345223927945
316,315,Petrus,35.6,Petrus,35.6,Petrus:315,1.28,13.303937007874008
317,316,Petrus,20,Petrus,20.0,Petrus:316,1.28,13.303937007874008
318,317,Petrus,35.9,Petrus,35.9,Petrus:317,1.3144539772685637,14.940985376630056
319,318,Petrus,22.4,Petrus,22.4,Petrus:318,1.28,13.303937007874008
320,319,Petrus,37.7,Petrus,37.7,Petrus:319,1.3236061526578837,15.375842394003373
321,320,Petrus,23,Petrus,23.0,Petrus:320,1.28,13.303937007874008
322,321,Petrus,40,Petrus,40.0,Petrus:321,1.28,13.303937007874008
323,322,Petrus,23.8,Petrus,23.8,Petrus:322,1.3144539772685626,14.940985376630008
324,323,Petrus,40.9,Petrus,40.9,Petrus:323,1.28,13.303937007874008
325,324,Petrus,23,Petrus,23.0,Petrus:324,1.2353816287878787,11.183937007874007
326,325,Petrus,34.8,Petrus,34.8,Petrus:325,1.28,13.303937007874008
327,326,Petrus,23.5,Petrus,23.5,Petrus:326,1.28,13.303937007874008
328,327,Petrus,42.5,Petrus,42.5,Petrus:327,1.28,13.303937007874008
329,328,Petrus,24.2,Petrus,24.2,Petrus:328,1.28,13.303937007874008
330,329,Petrus,44.2,Petrus,44.2,Petrus:329,1.2353816287878787,11.183937007874007
331,330,Petrus,24.7,Petrus,24.7,Petrus:330,1.28,13.303937007874008
332,331,Petrus,37.6,Petrus,37.6,Petrus:331,1.28,13.303937007874008
333,332,Petrus,26.8,Petrus,26.8,Petrus:332,1.320417682388067,15.224345223927944
334,333,Petrus,43.4,Petrus,43.4,Petrus:333,1.28,13.303937007874008
335,334,Petrus,25.9,Petrus,25.9,Petrus:334,1.28,13.303937007874008
336,335,Petrus,44.2,Petrus,44.2,Petrus:335,1.28,13.303937007874008
337,336,Petrus,27.5,Petrus,27.5,Petrus:336,1.28,13.303937007874008
338,337,Petrus,41.5,Petrus,41.5,Petrus:337,1.28,13.303937007874008
339,338,Petrus,28,Petrus,28.0,Petrus:338,1.28,13.303937007874008
340,339,Petrus,53,Petrus,53.0,Petrus:339,1.28,13.303937007874008
341,340,Petrus,26.9,Petrus,26.9,Petrus:340,1.2455460227314368,11.666888639117973
342,341,Petrus,37.7,Petrus,37.7,Petrus:341,1.2363938473421163,11.232031621744644
343,342,Petrus,26.6,Petrus,26.6,Petrus:342,1.28,13.303937007874008
344,343,Petrus,38.7,Petrus,38.7,Petrus:343,1.28,13.303937007874008
