participant_id,infection_group,igg_before_bau_ml,igg_after_bau_ml,source_sheet,source_row,before_source_cell,after_source_cell,source_infection_status,before_titer,after_titer,person
NatCom_2024_004,No prior infection,403.06,5240.4399999999996,figure 2,7,C7,D7,no,403.06,5240.4399999999996,NatCom_2024_004
NatCom_2024_005,No prior infection,388.75,2117.2600000000002,figure 2,8,C8,D8,no,388.75,2117.2600000000002,NatCom_2024_005
NatCom_2024_006,No prior infection,408.59,2180.5700000000002,figure 2,9,C9,D9,no,408.59,2180.5700000000002,NatCom_2024_006
NatCom_2024_010,No prior infection,757.39,4198.8599999999997,figure 2,13,C13,D13,no,757.39,4198.8599999999997,NatCom_2024_010
NatCom_2024_013,No prior infection,1104.48,7668.07,figure 2,16,C16,D16,no,1104.48,7668.07,NatCom_2024_013
NatCom_2024_014,No prior infection,140.33000000000001,2606.58,figure 2,17,C17,D17,no,140.33000000000001,2606.58,NatCom_2024_014
NatCom_2024_018,No prior infection,171.88,5099.8100000000004,figure 2,21,C21,D21,no,171.88,5099.8100000000004,NatCom_2024_018
NatCom_2024_019,No prior infection,4373.12,14242.93,figure 2,22,C22,D22,no,4373.12,14242.93,NatCom_2024_019
NatCom_2024_020,No prior infection,1154.3,8896.74,figure 2,23,C23,D23,no,1154.3,8896.74,NatCom_2024_020
NatCom_2024_022,No prior infection,146.05000000000001,1193.4000000000001,figure 2,25,C25,D25,no,146.05000000000001,1193.4000000000001,NatCom_2024_022
NatCom_2024_023,No prior infection,1449.77,2986.94,figure 2,26,C26,D26,no,1449.77,2986.94,NatCom_2024_023
NatCom_2024_025,No prior infection,686.98,6387.77,figure 2,28,C28,D28,no,686.98,6387.77,NatCom_2024_025
NatCom_2024_027,No prior infection,464.56,3038.05,figure 2,30,C30,D30,no,464.56,3038.05,NatCom_2024_027
NatCom_2024_028,No prior infection,4154.79,15720.55,figure 2,31,C31,D31,no,4154.79,15720.55,NatCom_2024_028
NatCom_2024_029,No prior infection,169.65,2132.6,figure 2,32,C32,D32,no,169.65,2132.6,NatCom_2024_029
NatCom_2024_033,No prior infection,144.53,1592.96,figure 2,36,C36,D36,no,144.53,1592.96,NatCom_2024_033
NatCom_2024_034,No prior infection,778.23,7000,figure 2,37,C37,D37,no,778.23,7000,NatCom_2024_034
NatCom_2024_035,No prior infection,801.01,1761.58,figure 2,38,C38,D38,no,801.01,1761.58,NatCom_2024_035
NatCom_2024_039,No prior infection,307.89,7169.69,figure 2,42,C42,D42,no,307.89,7169.69,NatCom_2024_039
NatCom_2024_040,No prior infection,2514.91,5407.33,figure 2,43,C43,D43,no,2514.91,5407.33,NatCom_2024_040
NatCom_2024_041,No prior infection,718.21,4806.76,figure 2,44,C44,D44,no,718.21,4806.76,NatCom_2024_041
NatCom_2024_044,No prior infection,465.2,4747.84,figure 2,47,C47,D47,no,465.2,4747.84,NatCom_2024_044
NatCom_2024_045,No prior infection,116.19,3944.71,figure 2,48,C48,D48,no,116.19,3944.71,NatCom_2024_045
NatCom_2024_046,No prior infection,100.14,1736.09,figure 2,49,C49,D49,no,100.14,1736.09,NatCom_2024_046
NatCom_2024_047,No prior infection,1864.22,8437.66,figure 2,50,C50,D50,no,1864.22,8437.66,NatCom_2024_047
NatCom_2024_049,No prior infection,177.65,4933.93,figure 2,52,C52,D52,no,177.65,4933.93,NatCom_2024_049
NatCom_2024_051,No prior infection,140.21,2692.93,figure 2,54,C54,D54,no,140.21,2692.93,NatCom_2024_051
NatCom_2024_053,No prior infection,208,2944.47,figure 2,56,C56,D56,no,208,2944.47,NatCom_2024_053
NatCom_2024_055,No prior infection,224.36,3626.96,figure 2,58,C58,D58,no,224.36,3626.96,NatCom_2024_055
NatCom_2024_057,No prior infection,1250.06,6449.82,figure 2,60,C60,D60,no,1250.06,6449.82,NatCom_2024_057
NatCom_2024_060,No prior infection,81.790000000000006,2521.3000000000002,figure 2,63,C63,D63,no,81.790000000000006,2521.3000000000002,NatCom_2024_060
NatCom_2024_061,No prior infection,389.05,2911.08,figure 2,64,C64,D64,no,389.05,2911.08,NatCom_2024_061
NatCom_2024_062,No prior infection,3298.25,14900.95,figure 2,65,C65,D65,no,3298.25,14900.95,NatCom_2024_062
NatCom_2024_063,No prior infection,764.41,25006.04,figure 2,66,C66,D66,no,764.41,25006.04,NatCom_2024_063
NatCom_2024_064,No prior infection,162.78,2350.41,figure 2,67,C67,D67,no,162.78,2350.41,NatCom_2024_064
NatCom_2024_065,No prior infection,993.62,5786.38,figure 2,68,C68,D68,no,993.62,5786.38,NatCom_2024_065
NatCom_2024_067,No prior infection,667.09,6839.88,figure 2,70,C70,D70,no,667.09,6839.88,NatCom_2024_067
NatCom_2024_068,No prior infection,837.62,7938.42,figure 2,71,C71,D71,no,837.62,7938.42,NatCom_2024_068
NatCom_2024_072,No prior infection,865.63,8124.23,figure 2,75,C75,D75,no,865.63,8124.23,NatCom_2024_072
NatCom_2024_073,No prior infection,879.51,4000.91,figure 2,76,C76,D76,no,879.51,4000.91,NatCom_2024_073
NatCom_2024_074,No prior infection,124.75,4037.96,figure 2,77,C77,D77,no,124.75,4037.96,NatCom_2024_074
NatCom_2024_077,No prior infection,327.17,5384.09,figure 2,80,C80,D80,no,327.17,5384.09,NatCom_2024_077
NatCom_2024_078,No prior infection,1023.68,5139.12,figure 2,81,C81,D81,no,1023.68,5139.12,NatCom_2024_078
NatCom_2024_082,No prior infection,287.57,9130.27,figure 2,85,C85,D85,no,287.57,9130.27,NatCom_2024_082
NatCom_2024_084,No prior infection,369.09,12630.45,figure 2,87,C87,D87,no,369.09,12630.45,NatCom_2024_084
NatCom_2024_086,No prior infection,368.54,6405.38,figure 2,89,C89,D89,no,368.54,6405.38,NatCom_2024_086
NatCom_2024_087,No prior infection,288.58,7694.53,figure 2,90,C90,D90,no,288.58,7694.53,NatCom_2024_087
NatCom_2024_088,No prior infection,531.79999999999995,4656.57,figure 2,91,C91,D91,no,531.79999999999995,4656.57,NatCom_2024_088
NatCom_2024_089,No prior infection,79.88,14487.44,figure 2,92,C92,D92,no,79.88,14487.44,NatCom_2024_089
NatCom_2024_090,No prior infection,1757.7,19421.810000000001,figure 2,93,C93,D93,no,1757.7,19421.810000000001,NatCom_2024_090
NatCom_2024_092,No prior infection,178.95,6860.93,figure 2,95,C95,D95,no,178.95,6860.93,NatCom_2024_092
NatCom_2024_093,No prior infection,136.66,9782.01,figure 2,96,C96,D96,no,136.66,9782.01,NatCom_2024_093
NatCom_2024_094,No prior infection,824.86,9223.99,figure 2,97,C97,D97,no,824.86,9223.99,NatCom_2024_094
NatCom_2024_095,No prior infection,3590.53,33036.339999999997,figure 2,98,C98,D98,no,3590.53,33036.339999999997,NatCom_2024_095
NatCom_2024_103,No prior infection,60.42,2455.37,figure 2,106,C106,D106,no,60.42,2455.37,NatCom_2024_103
NatCom_2024_108,No prior infection,114.76,941.4,figure 2,111,C111,D111,no,114.76,941.4,NatCom_2024_108
NatCom_2024_109,No prior infection,673.25,6819.21,figure 2,112,C112,D112,no,673.25,6819.21,NatCom_2024_109
NatCom_2024_112,No prior infection,1192.4100000000001,3439.79,figure 2,115,C115,D115,no,1192.4100000000001,3439.79,NatCom_2024_112
NatCom_2024_118,No prior infection,1183.72,4118.3999999999996,figure 2,121,C121,D121,no,1183.72,4118.3999999999996,NatCom_2024_118
NatCom_2024_122,No prior infection,958.75,2586.75,figure 2,125,C125,D125,no,958.75,2586.75,NatCom_2024_122
NatCom_2024_123,No prior infection,415.64,5045.45,figure 2,126,C126,D126,no,415.64,5045.45,NatCom_2024_123
NatCom_2024_124,No prior infection,993.82,4050.2,figure 2,127,C127,D127,no,993.82,4050.2,NatCom_2024_124
NatCom_2024_126,No prior infection,675.51,3431.76,figure 2,129,C129,D129,no,675.51,3431.76,NatCom_2024_126
