source_sheet,source_row,source_label,condition,condition_id,unit,replicate_ordinal,component,value,units,source_cell,display_condition,_easyviz_source_value_text,_easyviz_source_row
Fig. 1b,4,DMSO,DMSO,condition_3,condition_3_replicate_1,1,HDR,3.24024307307549,percent of cells,H4,DMSO,3.2402430730754901,1
Fig. 1b,4,DMSO,DMSO,condition_3,condition_3_replicate_1,1,HDR and mutEJ,3.8786389662812906,percent of cells,E4,DMSO,3.8786389662812901,2
Fig. 1b,4,DMSO,DMSO,condition_3,condition_3_replicate_1,1,mutEJ,42.3842221880964,percent of cells,B4,DMSO,42.384222188096402,3
Fig. 1b,4,DMSO,DMSO,condition_3,condition_3_replicate_2,2,HDR,3.47042850519902,percent of cells,I4,DMSO,3.47042850519902,4
Fig. 1b,4,DMSO,DMSO,condition_3,condition_3_replicate_2,2,HDR and mutEJ,4.17908470759653,percent of cells,F4,DMSO,4.1790847075965303,5
Fig. 1b,4,DMSO,DMSO,condition_3,condition_3_replicate_2,2,mutEJ,46.8154623926529,percent of cells,C4,DMSO,46.815462392652897,6
Fig. 1b,4,DMSO,DMSO,condition_3,condition_3_replicate_3,3,HDR,3.35024985902895,percent of cells,J4,DMSO,3.35024985902895,7
Fig. 1b,4,DMSO,DMSO,condition_3,condition_3_replicate_3,3,HDR and mutEJ,4.16302086371502,percent of cells,G4,DMSO,4.1630208637150199,8
Fig. 1b,4,DMSO,DMSO,condition_3,condition_3_replicate_3,3,mutEJ,45.9779501837485,percent of cells,D4,DMSO,45.977950183748497,9
Fig. 1b,5,NU-7441 1 µM,NU-7441 (1 µM),condition_4,condition_4_replicate_1,1,HDR,10.3629023735548,percent of cells,H5,"NU-7441
(1 µM)",10.3629023735548,10
Fig. 1b,5,NU-7441 1 µM,NU-7441 (1 µM),condition_4,condition_4_replicate_1,1,HDR and mutEJ,3.6945448396846494,percent of cells,E5,"NU-7441
(1 µM)",3.6945448396846499,11
Fig. 1b,5,NU-7441 1 µM,NU-7441 (1 µM),condition_4,condition_4_replicate_1,1,mutEJ,20.0832752097732,percent of cells,B5,"NU-7441
(1 µM)",20.083275209773198,12
Fig. 1b,5,NU-7441 1 µM,NU-7441 (1 µM),condition_4,condition_4_replicate_2,2,HDR,11.2254912651851,percent of cells,I5,"NU-7441
(1 µM)",11.2254912651851,13
Fig. 1b,5,NU-7441 1 µM,NU-7441 (1 µM),condition_4,condition_4_replicate_2,2,HDR and mutEJ,3.91267366033456,percent of cells,F5,"NU-7441
(1 µM)",3.9126736603345602,14
Fig. 1b,5,NU-7441 1 µM,NU-7441 (1 µM),condition_4,condition_4_replicate_2,2,mutEJ,21.212187302348905,percent of cells,C5,"NU-7441
(1 µM)",21.212187302348902,15
Fig. 1b,5,NU-7441 1 µM,NU-7441 (1 µM),condition_4,condition_4_replicate_3,3,HDR,10.9140724440705,percent of cells,J5,"NU-7441
(1 µM)",10.9140724440705,16
Fig. 1b,5,NU-7441 1 µM,NU-7441 (1 µM),condition_4,condition_4_replicate_3,3,HDR and mutEJ,3.6222035251224294,percent of cells,G5,"NU-7441
(1 µM)",3.6222035251224298,17
Fig. 1b,5,NU-7441 1 µM,NU-7441 (1 µM),condition_4,condition_4_replicate_3,3,mutEJ,20.3072077319699,percent of cells,D5,"NU-7441
(1 µM)",20.3072077319699,18
Fig. 1b,6,KU-0060548 0.25 µM,KU-0060548 (0.25 µM),condition_5,condition_5_replicate_1,1,HDR,12.7101759160268,percent of cells,H6,"KU-0060548
(0.25 µM)",12.710175916026801,19
Fig. 1b,6,KU-0060548 0.25 µM,KU-0060548 (0.25 µM),condition_5,condition_5_replicate_1,1,HDR and mutEJ,1.90980658956167,percent of cells,E6,"KU-0060548
(0.25 µM)",1.90980658956167,20
Fig. 1b,6,KU-0060548 0.25 µM,KU-0060548 (0.25 µM),condition_5,condition_5_replicate_1,1,mutEJ,9.72640684225872,percent of cells,B6,"KU-0060548
(0.25 µM)",9.7264068422587204,21
Fig. 1b,6,KU-0060548 0.25 µM,KU-0060548 (0.25 µM),condition_5,condition_5_replicate_2,2,HDR,13.3343206951027,percent of cells,I6,"KU-0060548
(0.25 µM)",13.334320695102701,22
Fig. 1b,6,KU-0060548 0.25 µM,KU-0060548 (0.25 µM),condition_5,condition_5_replicate_2,2,HDR and mutEJ,1.98212875197472,percent of cells,F6,"KU-0060548
(0.25 µM)",1.9821287519747199,23
Fig. 1b,6,KU-0060548 0.25 µM,KU-0060548 (0.25 µM),condition_5,condition_5_replicate_2,2,mutEJ,10.036532385466,percent of cells,C6,"KU-0060548
(0.25 µM)",10.036532385466,24
Fig. 1b,6,KU-0060548 0.25 µM,KU-0060548 (0.25 µM),condition_5,condition_5_replicate_3,3,HDR,13.3725568408456,percent of cells,J6,"KU-0060548
(0.25 µM)",13.372556840845601,25
Fig. 1b,6,KU-0060548 0.25 µM,KU-0060548 (0.25 µM),condition_5,condition_5_replicate_3,3,HDR and mutEJ,1.87973673713602,percent of cells,G6,"KU-0060548
(0.25 µM)",1.8797367371360201,26
Fig. 1b,6,KU-0060548 0.25 µM,KU-0060548 (0.25 µM),condition_5,condition_5_replicate_3,3,mutEJ,10.2288591942561,percent of cells,D6,"KU-0060548
(0.25 µM)",10.228859194256099,27
Fig. 1b,7,L755507 5 µM,L755507 (5 µM),condition_6,condition_6_replicate_1,1,HDR,3.47372033732104,percent of cells,H7,"L755507
(5 µM)",3.4737203373210401,28
Fig. 1b,7,L755507 5 µM,L755507 (5 µM),condition_6,condition_6_replicate_1,1,HDR and mutEJ,4.26309080211806,percent of cells,E7,"L755507
(5 µM)",4.26309080211806,29
Fig. 1b,7,L755507 5 µM,L755507 (5 µM),condition_6,condition_6_replicate_1,1,mutEJ,40.9369484212591,percent of cells,B7,"L755507
(5 µM)",40.936948421259103,30
Fig. 1b,7,L755507 5 µM,L755507 (5 µM),condition_6,condition_6_replicate_2,2,HDR,3.44216280100458,percent of cells,I7,"L755507
(5 µM)",3.4421628010045802,31
Fig. 1b,7,L755507 5 µM,L755507 (5 µM),condition_6,condition_6_replicate_2,2,HDR and mutEJ,4.36302752745359,percent of cells,F7,"L755507
(5 µM)",4.3630275274535899,32
Fig. 1b,7,L755507 5 µM,L755507 (5 µM),condition_6,condition_6_replicate_2,2,mutEJ,38.6689318954055,percent of cells,C7,"L755507
(5 µM)",38.6689318954055,33
Fig. 1b,7,L755507 5 µM,L755507 (5 µM),condition_6,condition_6_replicate_3,3,HDR,3.45949341529626,percent of cells,J7,"L755507
(5 µM)",3.4594934152962602,34
Fig. 1b,7,L755507 5 µM,L755507 (5 µM),condition_6,condition_6_replicate_3,3,HDR and mutEJ,4.21106948152469,percent of cells,G7,"L755507
(5 µM)",4.2110694815246896,35
Fig. 1b,7,L755507 5 µM,L755507 (5 µM),condition_6,condition_6_replicate_3,3,mutEJ,36.9349157561753,percent of cells,D7,"L755507
(5 µM)",36.9349157561753,36
Fig. 1b,8,SCR7 pyrazine 1 µM,SCR7 pyrazine (1 µM),condition_7,condition_7_replicate_1,1,HDR,3.37334689725331,percent of cells,H8,"SCR7 pyrazine
(1 µM)",3.3733468972533101,37
Fig. 1b,8,SCR7 pyrazine 1 µM,SCR7 pyrazine (1 µM),condition_7,condition_7_replicate_1,1,HDR and mutEJ,4.1912512716175,percent of cells,E8,"SCR7 pyrazine
(1 µM)",4.1912512716175003,38
Fig. 1b,8,SCR7 pyrazine 1 µM,SCR7 pyrazine (1 µM),condition_7,condition_7_replicate_1,1,mutEJ,36.8484231943032,percent of cells,B8,"SCR7 pyrazine
(1 µM)",36.848423194303201,39
Fig. 1b,8,SCR7 pyrazine 1 µM,SCR7 pyrazine (1 µM),condition_7,condition_7_replicate_2,2,HDR,3.83713590044188,percent of cells,I8,"SCR7 pyrazine
(1 µM)",3.8371359004418801,40
Fig. 1b,8,SCR7 pyrazine 1 µM,SCR7 pyrazine (1 µM),condition_7,condition_7_replicate_2,2,HDR and mutEJ,4.44584723599964,percent of cells,F8,"SCR7 pyrazine
(1 µM)",4.4458472359996399,41
Fig. 1b,8,SCR7 pyrazine 1 µM,SCR7 pyrazine (1 µM),condition_7,condition_7_replicate_2,2,mutEJ,44.9499504012986,percent of cells,C8,"SCR7 pyrazine
(1 µM)",44.949950401298601,42
Fig. 1b,8,SCR7 pyrazine 1 µM,SCR7 pyrazine (1 µM),condition_7,condition_7_replicate_3,3,HDR,3.5754943711262,percent of cells,J8,"SCR7 pyrazine
(1 µM)",3.5754943711261999,43
Fig. 1b,8,SCR7 pyrazine 1 µM,SCR7 pyrazine (1 µM),condition_7,condition_7_replicate_3,3,HDR and mutEJ,4.43352869249905,percent of cells,G8,"SCR7 pyrazine
(1 µM)",4.43352869249905,44
Fig. 1b,8,SCR7 pyrazine 1 µM,SCR7 pyrazine (1 µM),condition_7,condition_7_replicate_3,3,mutEJ,41.2531095838428,percent of cells,D8,"SCR7 pyrazine
(1 µM)",41.2531095838428,45
