concentration_nm,formulation,response,bound_low,bound_high,sample_note,_easyviz_x,_easyviz_estimate,_easyviz_lower,_easyviz_upper,_easyviz_series,_easyviz_source_row
0.03,NA,95,92.0,99.0,synthetic supplied summaries; not a paper dataset,0.03,95.0,92.0,99.0,NA,1
0.4,NA,95,91.0,100.5,synthetic supplied summaries; not a paper dataset,0.4,95.0,91.0,100.5,NA,2
5,NA,93,88.0,100.0,synthetic supplied summaries; not a paper dataset,5.0,93.0,88.0,100.0,NA,3
0.03,null,91,88.0,95.0,synthetic supplied summaries; not a paper dataset,0.03,91.0,88.0,95.0,null,4
0.4,null,72,68.0,77.5,synthetic supplied summaries; not a paper dataset,0.4,72.0,68.0,77.5,null,5
5,null,25,20.0,32.0,synthetic supplied summaries; not a paper dataset,5.0,25.0,20.0,32.0,null,6
0.03,001,89,86.0,93.0,synthetic supplied summaries; not a paper dataset,0.03,89.0,86.0,93.0,001,7
0.4,001,82,78.0,87.5,synthetic supplied summaries; not a paper dataset,0.4,82.0,78.0,87.5,001,8
5,001,53,48.0,60.0,synthetic supplied summaries; not a paper dataset,5.0,53.0,48.0,60.0,001,9
0.1,NA,94,90.5,98.75,synthetic supplied summaries; not a paper dataset,0.1,94.0,90.5,98.75,NA,10
1.5,NA,94,89.5,100.25,synthetic supplied summaries; not a paper dataset,1.5,94.0,89.5,100.25,NA,11
20,NA,94,88.5,101.75,synthetic supplied summaries; not a paper dataset,20.0,94.0,88.5,101.75,NA,12
0.1,null,86,82.5,90.75,synthetic supplied summaries; not a paper dataset,0.1,86.0,82.5,90.75,null,13
1.5,null,55,50.5,61.25,synthetic supplied summaries; not a paper dataset,1.5,55.0,50.5,61.25,null,14
20,null,8,2.5,15.75,synthetic supplied summaries; not a paper dataset,20.0,8.0,2.5,15.75,null,15
0.1,001,87,83.5,91.75,synthetic supplied summaries; not a paper dataset,0.1,87.0,83.5,91.75,001,16
1.5,001,71,66.5,77.25,synthetic supplied summaries; not a paper dataset,1.5,71.0,66.5,77.25,001,17
20,001,30,24.5,37.75,synthetic supplied summaries; not a paper dataset,20.0,30.0,24.5,37.75,001,18
