feature,condition,value
F01,C1,68.9395
F01,C2,19.8965
F01,C3,53.3662
F02,C1,0.146
F02,C2,23.2103
F02,C3,12.6566
F03,C1,19.0276
F03,C2,15.1471
F03,C3,78.3182
F04,C1,6.4377
F04,C2,78.3407
F04,C3,77.2216
F05,C1,68.8396
F05,C2,34.293
F05,C3,31.2807
F06,C1,78.3106
F06,C2,36.2927
F06,C3,32.9202
F07,C1,83.3653
F07,C2,13.8312
F07,C3,57.4247
F08,C1,38.9995
F08,C2,60.2151
F08,C3,53.7306
F09,C1,46.9747
F09,C2,35.7798
F09,C3,52.1328
F10,C1,21.1195
F10,C2,89.7518
F10,C3,53.2727
F11,C1,59.7107
F11,C2,17.0855
F11,C3,15.413
F12,C1,94.9177
F12,C2,91.8885
F12,C3,36.8397
