compartment,condition,hour,ccl2,unit,source_sheet,source_cell,source_time_cell,display_hour,display_offset_mm,artist_id
Serum,Control,0,3.9880550000000001,pg ml−1,3c,N3,M3,-2.146445347786809,-2.2759722222222196,easyviz-raw-observation-5cbf6a090e87036d
Serum,Control,0,19.940280000000001,pg ml−1,3c,S3,M3,-2.146445347786809,-2.2759722222222196,easyviz-raw-observation-c1c58551ee6f711e
Serum,Control,0,20.718430000000001,pg ml−1,3c,Q3,M3,-3.16118337850045,-3.3519444444444426,easyviz-raw-observation-77266d43f3b4c93b
Serum,Control,0,20.718430000000001,pg ml−1,3c,R3,M3,-1.1317073170731646,-1.1999999999999942,easyviz-raw-observation-9c7e4431af4422f1
Serum,Control,0,23.831060000000001,pg ml−1,3c,P3,M3,-4.175921409214087,-4.427916666666661,easyviz-raw-observation-c5e29a94d71b74db
Serum,Control,0,91.141649999999998,pg ml−1,3c,O3,M3,-2.146445347786809,-2.2759722222222196,easyviz-raw-observation-f9f006eb7b07ef32
Serum,Control,12,0.87542699999999996,pg ml−1,3c,R4,M4,9.853554652213194,-2.2759722222222174,easyviz-raw-observation-45ed68051c33b090
Serum,Control,12,11.380549999999999,pg ml−1,3c,Q4,M4,9.853554652213194,-2.2759722222222174,easyviz-raw-observation-0353cc909dc7532c
Serum,Control,12,17.994879999999998,pg ml−1,3c,T4,M4,8.838816621499557,-3.3519444444444377,easyviz-raw-observation-3354b907d7eb0d15
Serum,Control,12,18.383959999999998,pg ml−1,3c,S4,M4,10.868292682926835,-1.1999999999999966,easyviz-raw-observation-1e07a1e8e1bb1f43
Serum,Control,12,21.885670000000001,pg ml−1,3c,N4,M4,9.853554652213194,-2.2759722222222174,easyviz-raw-observation-7c30207a3e9f61b9
Serum,Control,12,25.38738,pg ml−1,3c,O4,M4,7.824078590785913,-4.427916666666664,easyviz-raw-observation-c5cf3fb583b061ae
Serum,Control,12,45.230379999999997,pg ml−1,3c,P4,M4,9.853554652213194,-2.2759722222222174,easyviz-raw-observation-01240208eef19ac9
Serum,Control,24,25.776450000000001,pg ml−1,3c,P5,M5,21.853554652213198,-2.2759722222222125,easyviz-raw-observation-7ad30c47ffed8169
Serum,Control,24,31.612629999999999,pg ml−1,3c,Q5,M5,20.838816621499554,-3.3519444444444475,easyviz-raw-observation-4c96495607877b08
Serum,Control,24,32.779870000000003,pg ml−1,3c,U5,M5,22.868292682926842,-1.1999999999999966,easyviz-raw-observation-2647d522c408b0e9
Serum,Control,24,43.67407,pg ml−1,3c,O5,M5,21.853554652213198,-2.2759722222222125,easyviz-raw-observation-4d10dfa4daf7a61d
Serum,Control,24,48.732089999999999,pg ml−1,3c,N5,M5,20.838816621499554,-3.3519444444444475,easyviz-raw-observation-58042979abb13ae3
Serum,Control,24,58.459049999999998,pg ml−1,3c,T5,M5,21.853554652213198,-2.2759722222222125,easyviz-raw-observation-9950a26ca36b910c
Serum,Control,24,103.59220000000001,pg ml−1,3c,S5,M5,21.853554652213198,-2.2759722222222125,easyviz-raw-observation-f18b8fe8ad581f61
Serum,Control,24,108.6502,pg ml−1,3c,R5,M5,20.838816621499554,-3.3519444444444475,easyviz-raw-observation-529bc81a6b4a3f86
Serum,Control,48,24.834160000000001,pg ml−1,3c,N6,M6,45.85355465221319,-2.2759722222222223,easyviz-raw-observation-79bbe2d1c140b4cf
Serum,Control,48,36.384929999999997,pg ml−1,3c,Q6,M6,45.85355465221319,-2.2759722222222223,easyviz-raw-observation-bf46eb1e3b758f30
Serum,Control,48,59.486469999999997,pg ml−1,3c,R6,M6,45.85355465221319,-2.2759722222222223,easyviz-raw-observation-9c5013a545623748
Serum,Control,48,73.924930000000003,pg ml−1,3c,P6,M6,45.85355465221319,-2.2759722222222223,easyviz-raw-observation-36331914927161e1
Serum,Control,48,123.0157,pg ml−1,3c,O6,M6,45.85355465221319,-2.2759722222222223,easyviz-raw-observation-6e19d917d12fe86e
Serum,IM-DTR,0,8.6569979999999997,pg ml−1,3c,Y3,M3,2.146445347786816,2.2759722222222267,easyviz-raw-observation-27e568122af3239b
Serum,IM-DTR,0,16.049489999999999,pg ml−1,3c,X3,M3,3.1611833785004535,3.3519444444444475,easyviz-raw-observation-db70b22f9ffe05bc
Serum,IM-DTR,0,23.441980000000001,pg ml−1,3c,AA3,M3,2.146445347786816,2.2759722222222267,easyviz-raw-observation-ed14fb21195f5269
Serum,IM-DTR,0,27.72185,pg ml−1,3c,V3,M3,3.1611833785004535,3.3519444444444475,easyviz-raw-observation-146a95bad6732887
Serum,IM-DTR,0,28.11093,pg ml−1,3c,Z3,M3,1.1317073170731753,1.2000000000000064,easyviz-raw-observation-0382c176312bba9e
Serum,IM-DTR,0,54.957349999999998,pg ml−1,3c,W3,M3,2.146445347786816,2.2759722222222267,easyviz-raw-observation-3a21f55cc073f220
Serum,IM-DTR,12,53.401029999999999,pg ml−1,3c,AA4,M4,14.146445347786816,2.2759722222222223,easyviz-raw-observation-1050e1ecac3c5348
Serum,IM-DTR,12,78.302059999999997,pg ml−1,3c,AB4,M4,14.146445347786816,2.2759722222222223,easyviz-raw-observation-305ab2510be06be9
Serum,IM-DTR,12,138.22020000000001,pg ml−1,3c,Y4,M4,14.146445347786816,2.2759722222222223,easyviz-raw-observation-a86581398d15de61
Serum,IM-DTR,12,153.7833,pg ml−1,3c,Z4,M4,14.146445347786816,2.2759722222222223,easyviz-raw-observation-5f10e3198893f860
Serum,IM-DTR,12,158.84129999999999,pg ml−1,3c,X4,M4,15.16118337850046,3.3519444444444524,easyviz-raw-observation-cd3bfdf5b9762927
Serum,IM-DTR,12,183.35329999999999,pg ml−1,3c,V4,M4,14.146445347786816,2.2759722222222223,easyviz-raw-observation-7a0682922894550a
Serum,IM-DTR,12,296.18610000000001,pg ml−1,3c,W4,M4,14.146445347786816,2.2759722222222223,easyviz-raw-observation-dfe15ae85b1d7cb6
Serum,IM-DTR,24,40.561439999999997,pg ml−1,3c,Y5,M5,26.146445347786823,2.2759722222222316,easyviz-raw-observation-dea15f8872260420
Serum,IM-DTR,24,75.967590000000001,pg ml−1,3c,AB5,M5,26.146445347786823,2.2759722222222316,easyviz-raw-observation-2c31b025b6964a0b
Serum,IM-DTR,24,91.919809999999998,pg ml−1,3c,AC5,M5,26.146445347786823,2.2759722222222316,easyviz-raw-observation-0a08b7fdac522a7e
Serum,IM-DTR,24,91.919809999999998,pg ml−1,3c,Z5,M5,27.161183378500468,3.3519444444444573,easyviz-raw-observation-b7194e64fae7a065
Serum,IM-DTR,24,109.81740000000001,pg ml−1,3c,AA5,M5,26.146445347786823,2.2759722222222316,easyviz-raw-observation-7db0d6f95537234c
Serum,IM-DTR,24,131.2167,pg ml−1,3c,X5,M5,26.146445347786823,2.2759722222222316,easyviz-raw-observation-24aac72ba175864b
Serum,IM-DTR,24,150.2816,pg ml−1,3c,V5,M5,26.146445347786823,2.2759722222222316,easyviz-raw-observation-3b654cdf848ba659
Serum,IM-DTR,24,233.93350000000001,pg ml−1,3c,W5,M5,26.146445347786823,2.2759722222222316,easyviz-raw-observation-cc1f00522da55086
Serum,IM-DTR,48,13.283390000000001,pg ml−1,3c,V6,M6,50.14644534778682,2.2759722222222414,easyviz-raw-observation-697cf36ce681171f
Serum,IM-DTR,48,13.283390000000001,pg ml−1,3c,W6,M6,51.16118337850047,3.351944444444467,easyviz-raw-observation-34a7b065c1b77ec4
Serum,IM-DTR,48,42.160310000000003,pg ml−1,3c,Y6,M6,50.14644534778682,2.2759722222222414,easyviz-raw-observation-7250b324704b237b
Serum,IM-DTR,48,59.486469999999997,pg ml−1,3c,X6,M6,50.14644534778682,2.2759722222222414,easyviz-raw-observation-e6ffb734e4503f6f
