source_sheet,source_row,source_label,condition,condition_id,unit,replicate_ordinal,value,state,units,source_cell,_easyviz_source_row
Fig. 1b,2,-,No donor/Cas9,condition_1,condition_1_replicate_1,1,1.09090909090909,uninterpretable,ratio,K2,1
Fig. 1b,2,-,No donor/Cas9,condition_1,condition_1_replicate_2,2,1.08695652173913,uninterpretable,ratio,L2,2
Fig. 1b,2,-,No donor/Cas9,condition_1,condition_1_replicate_3,3,0.5769230769230769,uninterpretable,ratio,M2,3
Fig. 1b,3,-,NTC,condition_2,condition_2_replicate_1,1,1.93333333333333,uninterpretable,ratio,K3,4
Fig. 1b,3,-,NTC,condition_2,condition_2_replicate_2,2,1.75,uninterpretable,ratio,L3,5
Fig. 1b,3,-,NTC,condition_2,condition_2_replicate_3,3,1.86666666666667,uninterpretable,ratio,M3,6
Fig. 1b,4,DMSO,DMSO,condition_3,condition_3_replicate_1,1,0.153878983308042,interpretable,ratio,K4,7
Fig. 1b,4,DMSO,DMSO,condition_3,condition_3_replicate_2,2,0.15000649378761,interpretable,ratio,L4,8
Fig. 1b,4,DMSO,DMSO,condition_3,condition_3_replicate_3,3,0.1498429441191299,interpretable,ratio,M4,9
Fig. 1b,5,NU-7441 1 µM,NU-7441 (1 µM),condition_4,condition_4_replicate_1,1,0.5912,interpretable,ratio,K5,10
Fig. 1b,5,NU-7441 1 µM,NU-7441 (1 µM),condition_4,condition_4_replicate_2,2,0.6025173611111109,interpretable,ratio,L5,11
Fig. 1b,5,NU-7441 1 µM,NU-7441 (1 µM),condition_4,condition_4_replicate_3,3,0.607464839523981,interpretable,ratio,M5,12
Fig. 1b,6,KU-0060548 0.25 µM,KU-0060548 (0.25 µM),condition_5,condition_5_replicate_1,1,1.2564209647108,interpretable,ratio,K6,13
Fig. 1b,6,KU-0060548 0.25 µM,KU-0060548 (0.25 µM),condition_5,condition_5_replicate_2,2,1.27438899157938,interpretable,ratio,L6,14
Fig. 1b,6,KU-0060548 0.25 µM,KU-0060548 (0.25 µM),condition_5,condition_5_replicate_3,3,1.25962528309656,interpretable,ratio,M6,15
Fig. 1b,7,L755507 5 µM,L755507 (5 µM),condition_6,condition_6_replicate_1,1,0.171168239505369,interpretable,ratio,K7,16
Fig. 1b,7,L755507 5 µM,L755507 (5 µM),condition_6,condition_6_replicate_2,2,0.181381243920581,interpretable,ratio,L7,17
Fig. 1b,7,L755507 5 µM,L755507 (5 µM),condition_6,condition_6_replicate_3,3,0.1864231188658669,interpretable,ratio,M7,18
Fig. 1b,8,SCR7 pyrazine 1 µM,SCR7 pyrazine (1 µM),condition_7,condition_7_replicate_1,1,0.18432402954737,interpretable,ratio,K8,19
Fig. 1b,8,SCR7 pyrazine 1 µM,SCR7 pyrazine (1 µM),condition_7,condition_7_replicate_2,2,0.167685988133272,interpretable,ratio,L8,20
Fig. 1b,8,SCR7 pyrazine 1 µM,SCR7 pyrazine (1 µM),condition_7,condition_7_replicate_3,3,0.1753034008582899,interpretable,ratio,M8,21
