observation_id,gene,display_gene,group,source_column_index,relative_expression,source_sheet,source_cell,display_x,artist_y,segment,artist_id
ucp1/YT-FF/1,ucp1,Ucp1,YT-FF,1,0.45888600000000002,Fig. 2c,B3,-0.27275,0.458886,0,easyviz-observation-be503166cfe3473e
ucp1/YT-FF/2,ucp1,Ucp1,YT-FF,2,1.920676,Fig. 2c,C3,-0.228875,1.920676,0,easyviz-observation-19362f855a8a1afc
ucp1/YT-FF/3,ucp1,Ucp1,YT-FF,3,0.28728900000000002,Fig. 2c,D3,-0.185,0.287289,0,easyviz-observation-f8d3c313eb07fa94
ucp1/YT-FF/4,ucp1,Ucp1,YT-FF,4,0.68888400000000005,Fig. 2c,E3,-0.141125,0.688884,0,easyviz-observation-348e817354d24c8f
ucp1/YT-FF/5,ucp1,Ucp1,YT-FF,5,1.6442650000000001,Fig. 2c,F3,-0.09724999999999999,1.644265,0,easyviz-observation-55490704142cb01f
ucp1/YT-AKO/1,ucp1,Ucp1,YT-AKO,1,4.0412080000000001,Fig. 2c,G3,0.09724999999999999,4.041208,0,easyviz-observation-5ec059f8c513490a
ucp1/YT-AKO/2,ucp1,Ucp1,YT-AKO,2,4.0923040000000004,Fig. 2c,H3,0.141125,4.092304,0,easyviz-observation-da6cb2f9ef426a34
ucp1/YT-AKO/3,ucp1,Ucp1,YT-AKO,3,9.9390800000000006,Fig. 2c,I3,0.185,9.93908,0,easyviz-observation-53ebfb96273cbc95
ucp1/YT-AKO/4,ucp1,Ucp1,YT-AKO,4,10.69026,Fig. 2c,J3,0.228875,10.69026,0,easyviz-observation-fb1987893fe6fe8e
ucp1/YT-AKO/5,ucp1,Ucp1,YT-AKO,5,13.147169999999999,Fig. 2c,K3,0.27275,13.14717,0,easyviz-observation-77a33f5a62979f32
cidea/YT-FF/1,cidea,Cidea,YT-FF,1,0.79145100000000002,Fig. 2c,B4,0.72725,0.791451,0,easyviz-observation-d40cf525be1e9afa
cidea/YT-FF/2,cidea,Cidea,YT-FF,2,0.98295200000000005,Fig. 2c,C4,0.771125,0.982952,0,easyviz-observation-c8da360ec16925f0
cidea/YT-FF/3,cidea,Cidea,YT-FF,3,0.88895299999999999,Fig. 2c,D4,0.815,0.888953,0,easyviz-observation-6438ca7347a1ff51
cidea/YT-FF/4,cidea,Cidea,YT-FF,4,0.94987500000000002,Fig. 2c,E4,0.8588749999999999,0.949875,0,easyviz-observation-e3c8bcd35af361d6
cidea/YT-FF/5,cidea,Cidea,YT-FF,5,1.3867700000000001,Fig. 2c,F4,0.9027499999999999,1.38677,0,easyviz-observation-530e014ffed546db
cidea/YT-AKO/1,cidea,Cidea,YT-AKO,1,3.6048680000000002,Fig. 2c,G4,1.09725,3.604868,0,easyviz-observation-0715fc2a625a28c2
cidea/YT-AKO/2,cidea,Cidea,YT-AKO,2,3.6580119999999998,Fig. 2c,H4,1.141125,3.658012,0,easyviz-observation-a27938cbfd6d45dd
cidea/YT-AKO/3,cidea,Cidea,YT-AKO,3,6.1171319999999998,Fig. 2c,I4,1.185,6.117132,0,easyviz-observation-2c8e0bda0db13db5
cidea/YT-AKO/4,cidea,Cidea,YT-AKO,4,4.2726959999999998,Fig. 2c,J4,1.2288750000000002,4.272696,0,easyviz-observation-7aad98895aedc2d2
cidea/YT-AKO/5,cidea,Cidea,YT-AKO,5,6.1028380000000002,Fig. 2c,K4,1.27275,6.102838,0,easyviz-observation-71f7e60b1bd62f63
dio2/YT-FF/1,dio2,Dio2,YT-FF,1,0.194548,Fig. 2c,B5,1.72725,0.194548,0,easyviz-observation-07caf7d9ee733777
dio2/YT-FF/2,dio2,Dio2,YT-FF,2,0.60245199999999999,Fig. 2c,C5,1.7711249999999998,0.602452,0,easyviz-observation-3e933e1029519152
dio2/YT-FF/3,dio2,Dio2,YT-FF,3,1.2024300000000001,Fig. 2c,D5,1.815,1.20243,0,easyviz-observation-702ea43db33bd0f2
dio2/YT-FF/4,dio2,Dio2,YT-FF,4,1.3958790000000001,Fig. 2c,E5,1.858875,1.395879,0,easyviz-observation-24eaa9fcf1a56ace
dio2/YT-FF/5,dio2,Dio2,YT-FF,5,1.6046899999999999,Fig. 2c,F5,1.90275,1.60469,0,easyviz-observation-34d3f319014e238a
dio2/YT-AKO/1,dio2,Dio2,YT-AKO,1,2.5447479999999998,Fig. 2c,G5,2.09725,2.544748,0,easyviz-observation-8be70c08e566c890
dio2/YT-AKO/2,dio2,Dio2,YT-AKO,2,2.7605529999999998,Fig. 2c,H5,2.141125,2.760553,0,easyviz-observation-2eb2af029a2dc85e
dio2/YT-AKO/3,dio2,Dio2,YT-AKO,3,14.615550000000001,Fig. 2c,I5,2.185,14.61555,0,easyviz-observation-72702337c1a2713e
dio2/YT-AKO/4,dio2,Dio2,YT-AKO,4,7.70472,Fig. 2c,J5,2.228875,7.70472,0,easyviz-observation-20127861c5da804c
dio2/YT-AKO/5,dio2,Dio2,YT-AKO,5,10.09684,Fig. 2c,K5,2.2727500000000003,10.09684,0,easyviz-observation-882550d8013c2bb5
cox8b/YT-FF/1,cox8b,Cox8b,YT-FF,1,0.58428100000000005,Fig. 2c,B6,2.7272499999999997,0.584281,0,easyviz-observation-fa167d95ac2526e0
cox8b/YT-FF/2,cox8b,Cox8b,YT-FF,2,1.28305,Fig. 2c,C6,2.771125,1.28305,0,easyviz-observation-91bde94a906be017
cox8b/YT-FF/3,cox8b,Cox8b,YT-FF,3,0.80286599999999997,Fig. 2c,D6,2.815,0.802866,0,easyviz-observation-eddc0e162b482fd9
cox8b/YT-FF/4,cox8b,Cox8b,YT-FF,4,0.94588799999999995,Fig. 2c,E6,2.858875,0.945888,0,easyviz-observation-06a443ab502572ea
cox8b/YT-FF/5,cox8b,Cox8b,YT-FF,5,1.383915,Fig. 2c,F6,2.90275,1.383915,0,easyviz-observation-9605594d47239640
cox8b/YT-AKO/1,cox8b,Cox8b,YT-AKO,1,6.0900530000000002,Fig. 2c,G6,3.09725,6.090053,0,easyviz-observation-da8edf0df485ece6
cox8b/YT-AKO/2,cox8b,Cox8b,YT-AKO,2,5.2909100000000002,Fig. 2c,H6,3.141125,5.29091,0,easyviz-observation-76358f4ec84a56e1
cox8b/YT-AKO/3,cox8b,Cox8b,YT-AKO,3,6.1451399999999996,Fig. 2c,I6,3.185,6.14514,0,easyviz-observation-98947bcff7efac07
cox8b/YT-AKO/4,cox8b,Cox8b,YT-AKO,4,7.5353089999999998,Fig. 2c,J6,3.228875,7.535309,0,easyviz-observation-a33924036afbd91c
cox8b/YT-AKO/5,cox8b,Cox8b,YT-AKO,5,11.26141,Fig. 2c,K6,3.2727500000000003,11.26141,0,easyviz-observation-93dc6ea113d50571
elovl3/YT-FF/1,elovl3,Elovl3,YT-FF,1,0.43892500000000001,Fig. 2c,B7,3.7272499999999997,0.438925,0,easyviz-observation-3170f4af4212616b
elovl3/YT-FF/2,elovl3,Elovl3,YT-FF,2,1.099483,Fig. 2c,C7,3.771125,1.099483,0,easyviz-observation-150000af4e9c3174
elovl3/YT-FF/3,elovl3,Elovl3,YT-FF,3,1.073083,Fig. 2c,D7,3.815,1.073083,0,easyviz-observation-28bb8292182595e9
elovl3/YT-FF/4,elovl3,Elovl3,YT-FF,4,0.43412699999999999,Fig. 2c,E7,3.858875,0.434127,0,easyviz-observation-c030a2de4d9dd29c
elovl3/YT-FF/5,elovl3,Elovl3,YT-FF,5,1.9543820000000001,Fig. 2c,F7,3.90275,1.954382,0,easyviz-observation-662d95b8cdb4a1b3
elovl3/YT-AKO/1,elovl3,Elovl3,YT-AKO,1,50.74812,Fig. 2c,G7,4.09725,50.74812,1,easyviz-observation-05b9cf2041c9dbb2
elovl3/YT-AKO/2,elovl3,Elovl3,YT-AKO,2,74.089789999999994,Fig. 2c,H7,4.141125,74.08979,1,easyviz-observation-ff0ba8aa017fe614
elovl3/YT-AKO/3,elovl3,Elovl3,YT-AKO,3,53.116700000000002,Fig. 2c,I7,4.185,53.1167,1,easyviz-observation-3293609d7ae9d453
elovl3/YT-AKO/4,elovl3,Elovl3,YT-AKO,4,50.22945,Fig. 2c,J7,4.2288749999999995,50.22945,1,easyviz-observation-5a934820a6bff97e
elovl3/YT-AKO/5,elovl3,Elovl3,YT-AKO,5,50.956980000000001,Fig. 2c,K7,4.272749999999999,50.95698,1,easyviz-observation-c021c78146176287
prdm16/YT-FF/1,prdm16,Prdm16,YT-FF,1,1.0924179999999999,Fig. 2c,B8,4.727250000000001,1.092418,0,easyviz-observation-0991396adb3c8065
prdm16/YT-FF/2,prdm16,Prdm16,YT-FF,2,0.57901800000000003,Fig. 2c,C8,4.7711250000000005,0.579018,0,easyviz-observation-e89ae44ba7c5d576
prdm16/YT-FF/3,prdm16,Prdm16,YT-FF,3,1.7071190000000001,Fig. 2c,D8,4.815,1.707119,0,easyviz-observation-1e1ea7ac82e4aa8a
prdm16/YT-FF/4,prdm16,Prdm16,YT-FF,4,0.97459399999999996,Fig. 2c,E8,4.858875,0.974594,0,easyviz-observation-32d3f989e7e25679
prdm16/YT-FF/5,prdm16,Prdm16,YT-FF,5,0.64685099999999995,Fig. 2c,F8,4.90275,0.646851,0,easyviz-observation-f5df5c1b9febb172
prdm16/YT-AKO/1,prdm16,Prdm16,YT-AKO,1,0.47170499999999999,Fig. 2c,G8,5.09725,0.471705,0,easyviz-observation-6aecaffe70db931f
prdm16/YT-AKO/2,prdm16,Prdm16,YT-AKO,2,0.48962,Fig. 2c,H8,5.141125,0.48962,0,easyviz-observation-bd8e1155b9991719
prdm16/YT-AKO/3,prdm16,Prdm16,YT-AKO,3,0.729962,Fig. 2c,I8,5.185,0.729962,0,easyviz-observation-c4ada463447ad1c7
prdm16/YT-AKO/4,prdm16,Prdm16,YT-AKO,4,0.78390400000000005,Fig. 2c,J8,5.2288749999999995,0.783904,0,easyviz-observation-2c41ed49c676e5f0
prdm16/YT-AKO/5,prdm16,Prdm16,YT-AKO,5,0.99526899999999996,Fig. 2c,K8,5.272749999999999,0.995269,0,easyviz-observation-62e3d7affbaa7c96
