participant_id,infection_group,timepoint,igg_bau_ml,source_infection_status,source_sheet,source_row,source_cell,_easyviz_source_value_text,_easyviz_block,_easyviz_source_row,_easyviz_x,_easyviz_marker_area_pt2,_easyviz_matplotlib_s
NatCom_2024_001,Prior infection,Before,3356.73,yes,figure 2,4,C4,3356.73,Prior infection,1,-0.03834395107508976,10,12.732395447351628
NatCom_2024_001,Prior infection,After,3707.74,yes,figure 2,4,D4,3707.74,Prior infection,2,0.9616560489249102,10,12.732395447351628
NatCom_2024_002,Prior infection,Before,2409.27,yes,figure 2,5,C5,2409.27,Prior infection,3,0.04565419490534402,10,12.732395447351628
NatCom_2024_002,Prior infection,After,7033.67,yes,figure 2,5,D5,7033.67,Prior infection,4,1.045654194905344,10,12.732395447351628
NatCom_2024_003,Prior infection,Before,1242.74,yes,figure 2,6,C6,1242.74,Prior infection,5,-0.11618309875381325,10,12.732395447351628
NatCom_2024_003,Prior infection,After,8091.13,yes,figure 2,6,D6,8091.13,Prior infection,6,0.8838169012461867,10,12.732395447351628
NatCom_2024_004,No prior infection,Before,403.06,no,figure 2,7,C7,403.06,No prior infection,7,1.8519139394568367,10,12.732395447351628
NatCom_2024_004,No prior infection,After,5240.44,no,figure 2,7,D7,5240.4399999999996,No prior infection,8,2.851913939456837,10,12.732395447351628
NatCom_2024_005,No prior infection,Before,388.75,no,figure 2,8,C8,388.75,No prior infection,9,1.9534726086944398,10,12.732395447351628
NatCom_2024_005,No prior infection,After,2117.26,no,figure 2,8,D8,2117.2600000000002,No prior infection,10,2.95347260869444,10,12.732395447351628
NatCom_2024_006,No prior infection,Before,408.59,no,figure 2,9,C9,408.59,No prior infection,11,2.1530662922623147,10,12.732395447351628
NatCom_2024_006,No prior infection,After,2180.57,no,figure 2,9,D9,2180.5700000000002,No prior infection,12,3.1530662922623147,10,12.732395447351628
NatCom_2024_007,Prior infection,Before,2303.8,yes,figure 2,10,C10,2303.8000000000002,Prior infection,13,-0.03697569016798126,10,12.732395447351628
NatCom_2024_007,Prior infection,After,8151.68,yes,figure 2,10,D10,8151.68,Prior infection,14,0.9630243098320187,10,12.732395447351628
NatCom_2024_008,Prior infection,Before,1543.49,yes,figure 2,11,C11,1543.49,Prior infection,15,0.1113890355121213,10,12.732395447351628
NatCom_2024_008,Prior infection,After,2936.46,yes,figure 2,11,D11,2936.46,Prior infection,16,1.1113890355121212,10,12.732395447351628
NatCom_2024_009,Prior infection,Before,438.01,yes,figure 2,12,C12,438.01,Prior infection,17,0.017332186141887647,10,12.732395447351628
NatCom_2024_009,Prior infection,After,7417.61,yes,figure 2,12,D12,7417.61,Prior infection,18,1.0173321861418876,10,12.732395447351628
NatCom_2024_010,No prior infection,Before,757.39,no,figure 2,13,C13,757.39,No prior infection,19,1.9432791310369102,10,12.732395447351628
NatCom_2024_010,No prior infection,After,4198.86,no,figure 2,13,D13,4198.8599999999997,No prior infection,20,2.94327913103691,10,12.732395447351628
NatCom_2024_011,Prior infection,Before,1244.25,yes,figure 2,14,C14,1244.25,Prior infection,21,0.2140551795815992,10,12.732395447351628
NatCom_2024_011,Prior infection,After,5936.09,yes,figure 2,14,D14,5936.09,Prior infection,22,1.2140551795815993,10,12.732395447351628
NatCom_2024_012,Prior infection,Before,1504.15,yes,figure 2,15,C15,1504.15,Prior infection,23,0.17457441600333728,10,12.732395447351628
NatCom_2024_012,Prior infection,After,13738.01,yes,figure 2,15,D15,13738.01,Prior infection,24,1.1745744160033373,10,12.732395447351628
NatCom_2024_013,No prior infection,Before,1104.48,no,figure 2,16,C16,1104.48,No prior infection,25,1.9300589167141424,10,12.732395447351628
NatCom_2024_013,No prior infection,After,7668.07,no,figure 2,16,D16,7668.07,No prior infection,26,2.930058916714142,10,12.732395447351628
NatCom_2024_014,No prior infection,Before,140.33,no,figure 2,17,C17,140.33000000000001,No prior infection,27,1.730823541363158,10,12.732395447351628
NatCom_2024_014,No prior infection,After,2606.58,no,figure 2,17,D17,2606.58,No prior infection,28,2.730823541363158,10,12.732395447351628
NatCom_2024_015,Prior infection,Before,894.42,yes,figure 2,18,C18,894.42,Prior infection,29,-0.08162289639409578,10,12.732395447351628
NatCom_2024_015,Prior infection,After,13434.48,yes,figure 2,18,D18,13434.48,Prior infection,30,0.9183771036059042,10,12.732395447351628
NatCom_2024_016,Prior infection,Before,1584.69,yes,figure 2,19,C19,1584.69,Prior infection,31,-0.18927368833943187,10,12.732395447351628
NatCom_2024_016,Prior infection,After,9162.84,yes,figure 2,19,D19,9162.84,Prior infection,32,0.8107263116605681,10,12.732395447351628
NatCom_2024_017,Prior infection,Before,2659.52,yes,figure 2,20,C20,2659.52,Prior infection,33,-0.17781949215038403,10,12.732395447351628
NatCom_2024_017,Prior infection,After,21898.09,yes,figure 2,20,D20,21898.09,Prior infection,34,0.8221805078496159,10,12.732395447351628
NatCom_2024_018,No prior infection,Before,171.88,no,figure 2,21,C21,171.88,No prior infection,35,2.0559892515543154,10,12.732395447351628
NatCom_2024_018,No prior infection,After,5099.81,no,figure 2,21,D21,5099.8100000000004,No prior infection,36,3.0559892515543154,10,12.732395447351628
NatCom_2024_019,No prior infection,Before,4373.12,no,figure 2,22,C22,4373.12,No prior infection,37,2.177824200839931,10,12.732395447351628
NatCom_2024_019,No prior infection,After,14242.93,no,figure 2,22,D22,14242.93,No prior infection,38,3.177824200839931,10,12.732395447351628
NatCom_2024_020,No prior infection,Before,1154.3,no,figure 2,23,C23,1154.3,No prior infection,39,2.2444356864068182,10,12.732395447351628
NatCom_2024_020,No prior infection,After,8896.74,no,figure 2,23,D23,8896.74,No prior infection,40,3.2444356864068182,10,12.732395447351628
NatCom_2024_021,Prior infection,Before,260.92,yes,figure 2,24,C24,260.92,Prior infection,41,0.17014797791333378,10,12.732395447351628
NatCom_2024_021,Prior infection,After,15197.48,yes,figure 2,24,D24,15197.48,Prior infection,42,1.1701479779133337,10,12.732395447351628
NatCom_2024_022,No prior infection,Before,146.05,no,figure 2,25,C25,146.05000000000001,No prior infection,43,1.9029937587715795,10,12.732395447351628
NatCom_2024_022,No prior infection,After,1193.4,no,figure 2,25,D25,1193.4000000000001,No prior infection,44,2.9029937587715793,10,12.732395447351628
NatCom_2024_023,No prior infection,Before,1449.77,no,figure 2,26,C26,1449.77,No prior infection,45,1.8891682391925209,10,12.732395447351628
NatCom_2024_023,No prior infection,After,2986.94,no,figure 2,26,D26,2986.94,No prior infection,46,2.8891682391925206,10,12.732395447351628
NatCom_2024_024,Prior infection,Before,2734.32,yes,figure 2,27,C27,2734.32,Prior infection,47,0.18910084006542818,10,12.732395447351628
NatCom_2024_024,Prior infection,After,6898.79,yes,figure 2,27,D27,6898.79,Prior infection,48,1.1891008400654282,10,12.732395447351628
NatCom_2024_025,No prior infection,Before,686.98,no,figure 2,28,C28,686.98,No prior infection,49,1.830558933142036,10,12.732395447351628
NatCom_2024_025,No prior infection,After,6387.77,no,figure 2,28,D28,6387.77,No prior infection,50,2.830558933142036,10,12.732395447351628
NatCom_2024_026,Prior infection,Before,2237.31,yes,figure 2,29,C29,2237.31,Prior infection,51,-0.20522887855204316,10,12.732395447351628
NatCom_2024_026,Prior infection,After,12527.47,yes,figure 2,29,D29,12527.47,Prior infection,52,0.7947711214479568,10,12.732395447351628
NatCom_2024_027,No prior infection,Before,464.56,no,figure 2,30,C30,464.56,No prior infection,53,2.0418212738048345,10,12.732395447351628
NatCom_2024_027,No prior infection,After,3038.05,no,figure 2,30,D30,3038.05,No prior infection,54,3.0418212738048345,10,12.732395447351628
NatCom_2024_028,No prior infection,Before,4154.79,no,figure 2,31,C31,4154.79,No prior infection,55,2.0388594164289726,10,12.732395447351628
NatCom_2024_028,No prior infection,After,15720.55,no,figure 2,31,D31,15720.55,No prior infection,56,3.0388594164289726,10,12.732395447351628
NatCom_2024_029,No prior infection,Before,169.65,no,figure 2,32,C32,169.65,No prior infection,57,1.9603988095861626,10,12.732395447351628
NatCom_2024_029,No prior infection,After,2132.6,no,figure 2,32,D32,2132.6,No prior infection,58,2.9603988095861626,10,12.732395447351628
NatCom_2024_030,Prior infection,Before,453.11,yes,figure 2,33,C33,453.11,Prior infection,59,-0.019176064069956637,10,12.732395447351628
NatCom_2024_030,Prior infection,After,3848.25,yes,figure 2,33,D33,3848.25,Prior infection,60,0.9808239359300434,10,12.732395447351628
NatCom_2024_031,Prior infection,Before,1606.58,yes/NCAP+,figure 2,34,C34,1606.58,Prior infection,61,0.08212466236092641,10,12.732395447351628
NatCom_2024_031,Prior infection,After,5454.77,yes/NCAP+,figure 2,34,D34,5454.77,Prior infection,62,1.0821246623609264,10,12.732395447351628
NatCom_2024_032,Prior infection,Before,665.67,yes,figure 2,35,C35,665.67,Prior infection,63,-0.07303931811099164,10,12.732395447351628
NatCom_2024_032,Prior infection,After,5161.23,yes,figure 2,35,D35,5161.2299999999996,Prior infection,64,0.9269606818890084,10,12.732395447351628
NatCom_2024_033,No prior infection,Before,144.53,no,figure 2,36,C36,144.53,No prior infection,65,2.0307045391245357,10,12.732395447351628
NatCom_2024_033,No prior infection,After,1592.96,no,figure 2,36,D36,1592.96,No prior infection,66,3.0307045391245357,10,12.732395447351628
NatCom_2024_034,No prior infection,Before,778.23,no,figure 2,37,C37,778.23,No prior infection,67,2.082667592451233,10,12.732395447351628
NatCom_2024_034,No prior infection,After,7000.0,no,figure 2,37,D37,7000,No prior infection,68,3.082667592451233,10,12.732395447351628
NatCom_2024_035,No prior infection,Before,801.01,no,figure 2,38,C38,801.01,No prior infection,69,1.9676446987602467,10,12.732395447351628
NatCom_2024_035,No prior infection,After,1761.58,no,figure 2,38,D38,1761.58,No prior infection,70,2.9676446987602465,10,12.732395447351628
NatCom_2024_036,Prior infection,Before,560.79,yes,figure 2,39,C39,560.79,Prior infection,71,-0.19476441253475912,10,12.732395447351628
NatCom_2024_036,Prior infection,After,6972.75,yes,figure 2,39,D39,6972.75,Prior infection,72,0.8052355874652408,10,12.732395447351628
NatCom_2024_037,Prior infection,Before,1821.11,yes,figure 2,40,C40,1821.11,Prior infection,73,0.25351863085738263,10,12.732395447351628
NatCom_2024_037,Prior infection,After,8920.58,yes,figure 2,40,D40,8920.58,Prior infection,74,1.2535186308573827,10,12.732395447351628
NatCom_2024_038,Prior infection,Before,527.46,yes,figure 2,41,C41,527.46,Prior infection,75,0.2192478682154317,10,12.732395447351628
NatCom_2024_038,Prior infection,After,3379.26,yes,figure 2,41,D41,3379.26,Prior infection,76,1.2192478682154317,10,12.732395447351628
NatCom_2024_039,No prior infection,Before,307.89,no,figure 2,42,C42,307.89,No prior infection,77,1.868176549516728,10,12.732395447351628
NatCom_2024_039,No prior infection,After,7169.69,no,figure 2,42,D42,7169.69,No prior infection,78,2.868176549516728,10,12.732395447351628
NatCom_2024_040,No prior infection,Before,2514.91,no,figure 2,43,C43,2514.91,No prior infection,79,1.9387608047610911,10,12.732395447351628
NatCom_2024_040,No prior infection,After,5407.33,no,figure 2,43,D43,5407.33,No prior infection,80,2.938760804761091,10,12.732395447351628
NatCom_2024_041,No prior infection,Before,718.21,no,figure 2,44,C44,718.21,No prior infection,81,2.041042237764579,10,12.732395447351628
NatCom_2024_041,No prior infection,After,4806.76,no,figure 2,44,D44,4806.76,No prior infection,82,3.041042237764579,10,12.732395447351628
NatCom_2024_042,Prior infection,Before,91.76,yes,figure 2,45,C45,91.76,Prior infection,83,0.19130149624615356,10,12.732395447351628
NatCom_2024_042,Prior infection,After,6281.3,yes,figure 2,45,D45,6281.3,Prior infection,84,1.1913014962461537,10,12.732395447351628
NatCom_2024_043,Prior infection,Before,722.11,yes,figure 2,46,C46,722.11,Prior infection,85,0.030233907692805526,10,12.732395447351628
NatCom_2024_043,Prior infection,After,3453.2,yes,figure 2,46,D46,3453.2,Prior infection,86,1.0302339076928055,10,12.732395447351628
NatCom_2024_044,No prior infection,Before,465.2,no,figure 2,47,C47,465.2,No prior infection,87,1.9987792624960052,10,12.732395447351628
NatCom_2024_044,No prior infection,After,4747.84,no,figure 2,47,D47,4747.84,No prior infection,88,2.9987792624960052,10,12.732395447351628
NatCom_2024_045,No prior infection,Before,116.19,no,figure 2,48,C48,116.19,No prior infection,89,2.103359956414057,10,12.732395447351628
NatCom_2024_045,No prior infection,After,3944.71,no,figure 2,48,D48,3944.71,No prior infection,90,3.103359956414057,10,12.732395447351628
NatCom_2024_046,No prior infection,Before,100.14,no,figure 2,49,C49,100.14,No prior infection,91,1.9903939033450213,10,12.732395447351628
NatCom_2024_046,No prior infection,After,1736.09,no,figure 2,49,D49,1736.09,No prior infection,92,2.990393903345021,10,12.732395447351628
NatCom_2024_047,No prior infection,Before,1864.22,no,figure 2,50,C50,1864.22,No prior infection,93,1.9160205535408217,10,12.732395447351628
NatCom_2024_047,No prior infection,After,8437.66,no,figure 2,50,D50,8437.66,No prior infection,94,2.9160205535408217,10,12.732395447351628
NatCom_2024_048,Prior infection,Before,1232.34,yes,figure 2,51,C51,1232.3399999999999,Prior infection,95,-0.0634616573720613,10,12.732395447351628
NatCom_2024_048,Prior infection,After,6808.83,yes,figure 2,51,D51,6808.83,Prior infection,96,0.9365383426279387,10,12.732395447351628
NatCom_2024_049,No prior infection,Before,177.65,no,figure 2,52,C52,177.65,No prior infection,97,2.0098583823086247,10,12.732395447351628
NatCom_2024_049,No prior infection,After,4933.93,no,figure 2,52,D52,4933.93,No prior infection,98,3.0098583823086247,10,12.732395447351628
NatCom_2024_050,Prior infection,Before,1096.42,yes,figure 2,53,C53,1096.42,Prior infection,99,0.09667888483178012,10,12.732395447351628
NatCom_2024_050,Prior infection,After,12149.94,yes,figure 2,53,D53,12149.94,Prior infection,100,1.09667888483178,10,12.732395447351628
NatCom_2024_051,No prior infection,Before,140.21,no,figure 2,54,C54,140.21,No prior infection,101,2.0894099393816967,10,12.732395447351628
NatCom_2024_051,No prior infection,After,2692.93,no,figure 2,54,D54,2692.93,No prior infection,102,3.0894099393816967,10,12.732395447351628
NatCom_2024_052,Prior infection,Before,1404.67,yes,figure 2,55,C55,1404.67,Prior infection,103,-0.22851868605395545,10,12.732395447351628
NatCom_2024_052,Prior infection,After,10350.29,yes,figure 2,55,D55,10350.290000000001,Prior infection,104,0.7714813139460446,10,12.732395447351628
NatCom_2024_053,No prior infection,Before,208.0,no,figure 2,56,C56,208,No prior infection,105,2.0698894562444226,10,12.732395447351628
NatCom_2024_053,No prior infection,After,2944.47,no,figure 2,56,D56,2944.47,No prior infection,106,3.0698894562444226,10,12.732395447351628
NatCom_2024_054,Prior infection,Before,4089.54,yes,figure 2,57,C57,4089.54,Prior infection,107,-0.1148392441286038,10,12.732395447351628
NatCom_2024_054,Prior infection,After,5805.53,yes,figure 2,57,D57,5805.53,Prior infection,108,0.8851607558713962,10,12.732395447351628
NatCom_2024_055,No prior infection,Before,224.36,no,figure 2,58,C58,224.36,No prior infection,109,2.1550584127671533,10,12.732395447351628
NatCom_2024_055,No prior infection,After,3626.96,no,figure 2,58,D58,3626.96,No prior infection,110,3.1550584127671533,10,12.732395447351628
NatCom_2024_056,Prior infection,Before,3728.63,yes,figure 2,59,C59,3728.63,Prior infection,111,0.059674146261174434,10,12.732395447351628
NatCom_2024_056,Prior infection,After,13908.43,yes,figure 2,59,D59,13908.43,Prior infection,112,1.0596741462611745,10,12.732395447351628
NatCom_2024_057,No prior infection,Before,1250.06,no,figure 2,60,C60,1250.06,No prior infection,113,1.7996581677247299,10,12.732395447351628
NatCom_2024_057,No prior infection,After,6449.82,no,figure 2,60,D60,6449.82,No prior infection,114,2.79965816772473,10,12.732395447351628
NatCom_2024_058,Prior infection,Before,1317.26,yes,figure 2,61,C61,1317.26,Prior infection,115,-0.2684839553912293,10,12.732395447351628
NatCom_2024_058,Prior infection,After,6573.9,yes,figure 2,61,D61,6573.9,Prior infection,116,0.7315160446087707,10,12.732395447351628
NatCom_2024_059,Prior infection,Before,2275.9,yes,figure 2,62,C62,2275.9,Prior infection,117,0.2614300901345389,10,12.732395447351628
NatCom_2024_059,Prior infection,After,4309.12,yes,figure 2,62,D62,4309.12,Prior infection,118,1.2614300901345388,10,12.732395447351628
NatCom_2024_060,No prior infection,Before,81.79,no,figure 2,63,C63,81.790000000000006,No prior infection,119,1.7869448342941079,10,12.732395447351628
NatCom_2024_060,No prior infection,After,2521.3,no,figure 2,63,D63,2521.3000000000002,No prior infection,120,2.786944834294108,10,12.732395447351628
NatCom_2024_061,No prior infection,Before,389.05,no,figure 2,64,C64,389.05,No prior infection,121,2.1989795648084494,10,12.732395447351628
NatCom_2024_061,No prior infection,After,2911.08,no,figure 2,64,D64,2911.08,No prior infection,122,3.1989795648084494,10,12.732395447351628
NatCom_2024_062,No prior infection,Before,3298.25,no,figure 2,65,C65,3298.25,No prior infection,123,1.9083354487285213,10,12.732395447351628
NatCom_2024_062,No prior infection,After,14900.95,no,figure 2,65,D65,14900.95,No prior infection,124,2.9083354487285216,10,12.732395447351628
NatCom_2024_063,No prior infection,Before,764.41,no,figure 2,66,C66,764.41,No prior infection,125,2.1346617534208545,10,12.732395447351628
NatCom_2024_063,No prior infection,After,25006.04,no,figure 2,66,D66,25006.04,No prior infection,126,3.1346617534208545,10,12.732395447351628
NatCom_2024_064,No prior infection,Before,162.78,no,figure 2,67,C67,162.78,No prior infection,127,1.942977002202548,10,12.732395447351628
NatCom_2024_064,No prior infection,After,2350.41,no,figure 2,67,D67,2350.41,No prior infection,128,2.942977002202548,10,12.732395447351628
NatCom_2024_065,No prior infection,Before,993.62,no,figure 2,68,C68,993.62,No prior infection,129,2.1349040972308395,10,12.732395447351628
NatCom_2024_065,No prior infection,After,5786.38,no,figure 2,68,D68,5786.38,No prior infection,130,3.1349040972308395,10,12.732395447351628
NatCom_2024_066,Prior infection,Before,357.18,yes,figure 2,69,C69,357.18,Prior infection,131,0.10829824298126424,10,12.732395447351628
NatCom_2024_066,Prior infection,After,2481.75,yes,figure 2,69,D69,2481.75,Prior infection,132,1.1082982429812642,10,12.732395447351628
NatCom_2024_067,No prior infection,Before,667.09,no,figure 2,70,C70,667.09,No prior infection,133,1.9991842063836245,10,12.732395447351628
NatCom_2024_067,No prior infection,After,6839.88,no,figure 2,70,D70,6839.88,No prior infection,134,2.9991842063836245,10,12.732395447351628
NatCom_2024_068,No prior infection,Before,837.62,no,figure 2,71,C71,837.62,No prior infection,135,1.8681747121860257,10,12.732395447351628
NatCom_2024_068,No prior infection,After,7938.42,no,figure 2,71,D71,7938.42,No prior infection,136,2.868174712186026,10,12.732395447351628
NatCom_2024_069,Prior infection,Before,2170.23,yes,figure 2,72,C72,2170.23,Prior infection,137,0.08361603260723033,10,12.732395447351628
NatCom_2024_069,Prior infection,After,10371.95,yes,figure 2,72,D72,10371.950000000001,Prior infection,138,1.0836160326072304,10,12.732395447351628
NatCom_2024_070,Prior infection,Before,1959.14,yes,figure 2,73,C73,1959.14,Prior infection,139,0.1908549581871661,10,12.732395447351628
NatCom_2024_070,Prior infection,After,8325.51,yes,figure 2,73,D73,8325.51,Prior infection,140,1.1908549581871661,10,12.732395447351628
NatCom_2024_071,Prior infection,Before,3534.57,yes,figure 2,74,C74,3534.57,Prior infection,141,0.06085388983224188,10,12.732395447351628
NatCom_2024_071,Prior infection,After,11069.01,yes,figure 2,74,D74,11069.01,Prior infection,142,1.060853889832242,10,12.732395447351628
NatCom_2024_072,No prior infection,Before,865.63,no,figure 2,75,C75,865.63,No prior infection,143,1.7384686734128945,10,12.732395447351628
NatCom_2024_072,No prior infection,After,8124.23,no,figure 2,75,D75,8124.23,No prior infection,144,2.7384686734128945,10,12.732395447351628
NatCom_2024_073,No prior infection,Before,879.51,no,figure 2,76,C76,879.51,No prior infection,145,1.8319824468943375,10,12.732395447351628
NatCom_2024_073,No prior infection,After,4000.91,no,figure 2,76,D76,4000.91,No prior infection,146,2.8319824468943375,10,12.732395447351628
NatCom_2024_074,No prior infection,Before,124.75,no,figure 2,77,C77,124.75,No prior infection,147,2.0398000577872257,10,12.732395447351628
NatCom_2024_074,No prior infection,After,4037.96,no,figure 2,77,D77,4037.96,No prior infection,148,3.0398000577872257,10,12.732395447351628
NatCom_2024_075,Prior infection,Before,2038.52,yes,figure 2,78,C78,2038.52,Prior infection,149,-0.2138582596402069,10,12.732395447351628
NatCom_2024_075,Prior infection,After,2850.81,yes,figure 2,78,D78,2850.81,Prior infection,150,0.7861417403597931,10,12.732395447351628
NatCom_2024_076,Prior infection,Before,305.94,yes,figure 2,79,C79,305.94,Prior infection,151,0.1045136619783751,10,12.732395447351628
NatCom_2024_076,Prior infection,After,2854.14,yes,figure 2,79,D79,2854.14,Prior infection,152,1.104513661978375,10,12.732395447351628
NatCom_2024_077,No prior infection,Before,327.17,no,figure 2,80,C80,327.17,No prior infection,153,1.7504826601415984,10,12.732395447351628
NatCom_2024_077,No prior infection,After,5384.09,no,figure 2,80,D80,5384.09,No prior infection,154,2.750482660141598,10,12.732395447351628
NatCom_2024_078,No prior infection,Before,1023.68,no,figure 2,81,C81,1023.68,No prior infection,155,2.252101614041504,10,12.732395447351628
NatCom_2024_078,No prior infection,After,5139.12,no,figure 2,81,D81,5139.12,No prior infection,156,3.252101614041504,10,12.732395447351628
NatCom_2024_079,Prior infection,Before,4059.53,yes,figure 2,82,C82,4059.53,Prior infection,157,0.02780158718157639,10,12.732395447351628
NatCom_2024_079,Prior infection,After,17040.09,yes,figure 2,82,D82,17040.09,Prior infection,158,1.0278015871815764,10,12.732395447351628
NatCom_2024_080,Prior infection,Before,928.05,yes,figure 2,83,C83,928.05,Prior infection,159,0.01767862083440774,10,12.732395447351628
NatCom_2024_080,Prior infection,After,5010.21,yes,figure 2,83,D83,5010.21,Prior infection,160,1.0176786208344077,10,12.732395447351628
NatCom_2024_081,Prior infection,Before,420.54,yes,figure 2,84,C84,420.54,Prior infection,161,0.07538150538224764,10,12.732395447351628
NatCom_2024_081,Prior infection,After,4003.85,yes,figure 2,84,D84,4003.85,Prior infection,162,1.0753815053822477,10,12.732395447351628
NatCom_2024_082,No prior infection,Before,287.57,no,figure 2,85,C85,287.57,No prior infection,163,1.8657860762586884,10,12.732395447351628
NatCom_2024_082,No prior infection,After,9130.27,no,figure 2,85,D85,9130.27,No prior infection,164,2.865786076258688,10,12.732395447351628
NatCom_2024_083,Prior infection,Before,3628.63,yes,figure 2,86,C86,3628.63,Prior infection,165,0.17977206243167154,10,12.732395447351628
NatCom_2024_083,Prior infection,After,10677.12,yes,figure 2,86,D86,10677.12,Prior infection,166,1.1797720624316717,10,12.732395447351628
NatCom_2024_084,No prior infection,Before,369.09,no,figure 2,87,C87,369.09,No prior infection,167,1.8012733651228177,10,12.732395447351628
NatCom_2024_084,No prior infection,After,12630.45,no,figure 2,87,D87,12630.45,No prior infection,168,2.8012733651228174,10,12.732395447351628
NatCom_2024_085,Prior infection,Before,688.07,yes,figure 2,88,C88,688.07,Prior infection,169,0.04069782768198118,10,12.732395447351628
NatCom_2024_085,Prior infection,After,3864.67,yes,figure 2,88,D88,3864.67,Prior infection,170,1.0406978276819812,10,12.732395447351628
NatCom_2024_086,No prior infection,Before,368.54,no,figure 2,89,C89,368.54,No prior infection,171,2.1323382826109474,10,12.732395447351628
NatCom_2024_086,No prior infection,After,6405.38,no,figure 2,89,D89,6405.38,No prior infection,172,3.1323382826109474,10,12.732395447351628
NatCom_2024_087,No prior infection,Before,288.58,no,figure 2,90,C90,288.58,No prior infection,173,1.996534611210171,10,12.732395447351628
NatCom_2024_087,No prior infection,After,7694.53,no,figure 2,90,D90,7694.53,No prior infection,174,2.996534611210171,10,12.732395447351628
NatCom_2024_088,No prior infection,Before,531.8,no,figure 2,91,C91,531.79999999999995,No prior infection,175,1.8603186100275801,10,12.732395447351628
NatCom_2024_088,No prior infection,After,4656.57,no,figure 2,91,D91,4656.57,No prior infection,176,2.86031861002758,10,12.732395447351628
NatCom_2024_089,No prior infection,Before,79.88,no,figure 2,92,C92,79.88,No prior infection,177,1.8143981389743031,10,12.732395447351628
NatCom_2024_089,No prior infection,After,14487.44,no,figure 2,92,D92,14487.44,No prior infection,178,2.8143981389743034,10,12.732395447351628
NatCom_2024_090,No prior infection,Before,1757.7,no,figure 2,93,C93,1757.7,No prior infection,179,1.7472047942129874,10,12.732395447351628
NatCom_2024_090,No prior infection,After,19421.81,no,figure 2,93,D93,19421.810000000001,No prior infection,180,2.7472047942129874,10,12.732395447351628
NatCom_2024_091,Prior infection,Before,3397.55,yes/NCAP+,figure 2,94,C94,3397.55,Prior infection,181,-0.1842318570287485,10,12.732395447351628
NatCom_2024_091,Prior infection,After,12430.13,yes/NCAP+,figure 2,94,D94,12430.13,Prior infection,182,0.8157681429712516,10,12.732395447351628
NatCom_2024_092,No prior infection,Before,178.95,no,figure 2,95,C95,178.95,No prior infection,183,1.849082573378293,10,12.732395447351628
NatCom_2024_092,No prior infection,After,6860.93,no,figure 2,95,D95,6860.93,No prior infection,184,2.849082573378293,10,12.732395447351628
NatCom_2024_093,No prior infection,Before,136.66,no,figure 2,96,C96,136.66,No prior infection,185,2.081375124731501,10,12.732395447351628
NatCom_2024_093,No prior infection,After,9782.01,no,figure 2,96,D96,9782.01,No prior infection,186,3.081375124731501,10,12.732395447351628
NatCom_2024_094,No prior infection,Before,824.86,no,figure 2,97,C97,824.86,No prior infection,187,1.9350253977246183,10,12.732395447351628
NatCom_2024_094,No prior infection,After,9223.99,no,figure 2,97,D97,9223.99,No prior infection,188,2.9350253977246186,10,12.732395447351628
NatCom_2024_095,No prior infection,Before,3590.53,no,figure 2,98,C98,3590.53,No prior infection,189,1.7864439698016852,10,12.732395447351628
NatCom_2024_095,No prior infection,After,33036.34,no,figure 2,98,D98,33036.339999999997,No prior infection,190,2.7864439698016854,10,12.732395447351628
NatCom_2024_096,Prior infection,Before,250.34,yes,figure 2,99,C99,250.34,Prior infection,191,-0.26361857827926616,10,12.732395447351628
NatCom_2024_096,Prior infection,After,7670.81,yes,figure 2,99,D99,7670.81,Prior infection,192,0.7363814217207338,10,12.732395447351628
NatCom_2024_097,Prior infection,Before,3958.85,yes,figure 2,100,C100,3958.85,Prior infection,193,-0.27362729275731046,10,12.732395447351628
NatCom_2024_097,Prior infection,After,9541.95,yes,figure 2,100,D100,9541.9500000000007,Prior infection,194,0.7263727072426895,10,12.732395447351628
NatCom_2024_098,Prior infection,Before,2549.44,yes,figure 2,101,C101,2549.44,Prior infection,195,-0.132017363485699,10,12.732395447351628
NatCom_2024_098,Prior infection,After,5539.32,yes,figure 2,101,D101,5539.32,Prior infection,196,0.867982636514301,10,12.732395447351628
NatCom_2024_099,Prior infection,Before,3835.19,yes,figure 2,102,C102,3835.19,Prior infection,197,0.18809059947618337,10,12.732395447351628
NatCom_2024_099,Prior infection,After,17966.21,yes,figure 2,102,D102,17966.21,Prior infection,198,1.1880905994761835,10,12.732395447351628
NatCom_2024_100,Prior infection,Before,225.48,yes,figure 2,103,C103,225.48,Prior infection,199,-0.1978826176957601,10,12.732395447351628
NatCom_2024_100,Prior infection,After,7723.05,yes,figure 2,103,D103,7723.05,Prior infection,200,0.8021173823042399,10,12.732395447351628
NatCom_2024_101,Prior infection,Before,1274.76,yes,figure 2,104,C104,1274.76,Prior infection,201,-0.11501809681513422,10,12.732395447351628
NatCom_2024_101,Prior infection,After,7787.34,yes,figure 2,104,D104,7787.34,Prior infection,202,0.8849819031848658,10,12.732395447351628
NatCom_2024_102,Prior infection,Before,2784.58,yes/NCAP+,figure 2,105,C105,2784.58,Prior infection,203,0.058830880088022085,10,12.732395447351628
NatCom_2024_102,Prior infection,After,8307.44,yes/NCAP+,figure 2,105,D105,8307.44,Prior infection,204,1.0588308800880222,10,12.732395447351628
NatCom_2024_103,No prior infection,Before,60.42,no,figure 2,106,C106,60.42,No prior infection,205,1.8359425252385289,10,12.732395447351628
NatCom_2024_103,No prior infection,After,2455.37,no,figure 2,106,D106,2455.37,No prior infection,206,2.835942525238529,10,12.732395447351628
NatCom_2024_104,Prior infection,Before,584.98,yes,figure 2,107,C107,584.98,Prior infection,207,0.24675123793906573,10,12.732395447351628
NatCom_2024_104,Prior infection,After,4099.33,yes,figure 2,107,D107,4099.33,Prior infection,208,1.2467512379390657,10,12.732395447351628
NatCom_2024_105,Prior infection,Before,1165.42,yes,figure 2,108,C108,1165.42,Prior infection,209,0.030012273896975087,10,12.732395447351628
NatCom_2024_105,Prior infection,After,6669.66,yes,figure 2,108,D108,6669.66,Prior infection,210,1.030012273896975,10,12.732395447351628
NatCom_2024_106,Prior infection,Before,2102.81,yes,figure 2,109,C109,2102.81,Prior infection,211,-0.02852085507778714,10,12.732395447351628
NatCom_2024_106,Prior infection,After,8686.18,yes,figure 2,109,D109,8686.18,Prior infection,212,0.9714791449222129,10,12.732395447351628
NatCom_2024_107,Prior infection,Before,2685.1,yes,figure 2,110,C110,2685.1,Prior infection,213,0.23732568119887987,10,12.732395447351628
NatCom_2024_107,Prior infection,After,12534.33,yes,figure 2,110,D110,12534.33,Prior infection,214,1.2373256811988798,10,12.732395447351628
NatCom_2024_108,No prior infection,Before,114.76,no,figure 2,111,C111,114.76,No prior infection,215,2.2371352113184573,10,12.732395447351628
NatCom_2024_108,No prior infection,After,941.4,no,figure 2,111,D111,941.4,No prior infection,216,3.2371352113184573,10,12.732395447351628
NatCom_2024_109,No prior infection,Before,673.25,no,figure 2,112,C112,673.25,No prior infection,217,2.16535064001014,10,12.732395447351628
NatCom_2024_109,No prior infection,After,6819.21,no,figure 2,112,D112,6819.21,No prior infection,218,3.16535064001014,10,12.732395447351628
NatCom_2024_110,Prior infection,Before,2904.35,yes,figure 2,113,C113,2904.35,Prior infection,219,0.2600063322003565,10,12.732395447351628
NatCom_2024_110,Prior infection,After,6640.94,yes,figure 2,113,D113,6640.94,Prior infection,220,1.2600063322003565,10,12.732395447351628
NatCom_2024_111,Prior infection,Before,3967.49,yes,figure 2,114,C114,3967.49,Prior infection,221,0.13762614630228379,10,12.732395447351628
NatCom_2024_111,Prior infection,After,11264.16,yes,figure 2,114,D114,11264.16,Prior infection,222,1.1376261463022839,10,12.732395447351628
NatCom_2024_112,No prior infection,Before,1192.41,no,figure 2,115,C115,1192.4100000000001,No prior infection,223,2.083126431767093,10,12.732395447351628
NatCom_2024_112,No prior infection,After,3439.79,no,figure 2,115,D115,3439.79,No prior infection,224,3.083126431767093,10,12.732395447351628
NatCom_2024_113,Prior infection,Before,2298.04,yes,figure 2,116,C116,2298.04,Prior infection,225,-0.07696236616531597,10,12.732395447351628
NatCom_2024_113,Prior infection,After,17813.41,yes,figure 2,116,D116,17813.41,Prior infection,226,0.9230376338346841,10,12.732395447351628
NatCom_2024_114,Prior infection,Before,2955.75,yes,figure 2,117,C117,2955.75,Prior infection,227,-0.06745341395371444,10,12.732395447351628
NatCom_2024_114,Prior infection,After,11775.3,yes,figure 2,117,D117,11775.3,Prior infection,228,0.9325465860462856,10,12.732395447351628
NatCom_2024_115,Prior infection,Before,2271.92,yes,figure 2,118,C118,2271.92,Prior infection,229,-0.1747895844998721,10,12.732395447351628
NatCom_2024_115,Prior infection,After,9445.33,yes,figure 2,118,D118,9445.33,Prior infection,230,0.8252104155001279,10,12.732395447351628
NatCom_2024_116,Prior infection,Before,1204.67,yes/NCAP+,figure 2,119,C119,1204.67,Prior infection,231,0.11445955626389069,10,12.732395447351628
NatCom_2024_116,Prior infection,After,5419.18,yes/NCAP+,figure 2,119,D119,5419.18,Prior infection,232,1.1144595562638906,10,12.732395447351628
NatCom_2024_117,Prior infection,Before,821.83,yes,figure 2,120,C120,821.83,Prior infection,233,0.13407662532180636,10,12.732395447351628
NatCom_2024_117,Prior infection,After,6999.23,yes,figure 2,120,D120,6999.23,Prior infection,234,1.1340766253218064,10,12.732395447351628
NatCom_2024_118,No prior infection,Before,1183.72,no,figure 2,121,C121,1183.72,No prior infection,235,1.7454632037041973,10,12.732395447351628
NatCom_2024_118,No prior infection,After,4118.4,no,figure 2,121,D121,4118.3999999999996,No prior infection,236,2.7454632037041975,10,12.732395447351628
NatCom_2024_119,Prior infection,Before,2780.58,yes,figure 2,122,C122,2780.58,Prior infection,237,0.2141756574481103,10,12.732395447351628
NatCom_2024_119,Prior infection,After,7225.6,yes,figure 2,122,D122,7225.6,Prior infection,238,1.2141756574481102,10,12.732395447351628
NatCom_2024_120,Prior infection,Before,1969.52,yes,figure 2,123,C123,1969.52,Prior infection,239,0.21416234583910473,10,12.732395447351628
NatCom_2024_120,Prior infection,After,10770.36,yes,figure 2,123,D123,10770.36,Prior infection,240,1.2141623458391047,10,12.732395447351628
NatCom_2024_121,Prior infection,Before,793.87,yes,figure 2,124,C124,793.87,Prior infection,241,0.13512091066854406,10,12.732395447351628
NatCom_2024_121,Prior infection,After,12237.56,yes,figure 2,124,D124,12237.56,Prior infection,242,1.135120910668544,10,12.732395447351628
NatCom_2024_122,No prior infection,Before,958.75,no,figure 2,125,C125,958.75,No prior infection,243,1.8506152136684282,10,12.732395447351628
NatCom_2024_122,No prior infection,After,2586.75,no,figure 2,125,D125,2586.75,No prior infection,244,2.850615213668428,10,12.732395447351628
NatCom_2024_123,No prior infection,Before,415.64,no,figure 2,126,C126,415.64,No prior infection,245,1.747112606936274,10,12.732395447351628
NatCom_2024_123,No prior infection,After,5045.45,no,figure 2,126,D126,5045.45,No prior infection,246,2.747112606936274,10,12.732395447351628
NatCom_2024_124,No prior infection,Before,993.82,no,figure 2,127,C127,993.82,No prior infection,247,1.916840287359856,10,12.732395447351628
NatCom_2024_124,No prior infection,After,4050.2,no,figure 2,127,D127,4050.2,No prior infection,248,2.916840287359856,10,12.732395447351628
NatCom_2024_125,Prior infection,Before,4675.06,yes,figure 2,128,C128,4675.0600000000004,Prior infection,249,0.1931767680457137,10,12.732395447351628
NatCom_2024_125,Prior infection,After,6528.12,yes,figure 2,128,D128,6528.12,Prior infection,250,1.1931767680457137,10,12.732395447351628
NatCom_2024_126,No prior infection,Before,675.51,no,figure 2,129,C129,675.51,No prior infection,251,1.9134610029123205,10,12.732395447351628
NatCom_2024_126,No prior infection,After,3431.76,no,figure 2,129,D129,3431.76,No prior infection,252,2.9134610029123205,10,12.732395447351628
NatCom_2024_127,Prior infection,Before,2675.6,yes,figure 2,130,C130,2675.6,Prior infection,253,-0.22743389762274005,10,12.732395447351628
NatCom_2024_127,Prior infection,After,4978.25,yes,figure 2,130,D130,4978.25,Prior infection,254,0.77256610237726,10,12.732395447351628
